office_type,state,district,democratic_votes_1,democratic_votes_2,republican_votes_1,republican_votes_2,margin_pct_1,margin_votes_1,margin_pct_2,margin_votes_2,democratic_percent_1,republican_percent_1,democratic_percent_2,republican_percent_2
Governor,DE,0,292903,248404,190312,166852,20.822743084864523,102591,19.335195573923443,81552,59.45008741299016,38.62734432812564,58.89420150756424,39.5590059336408
Governor,IN,0,968092,1235503,1706724,1397396,-24.4456595532437,-738632,-5.8837835328179215,-161893,32.03983505753718,56.48549461078088,44.90269626325499,50.78647979607291
Governor,MO,0,1225771,1179024,1720202,1408113,-16.40807932482217,-494431,-8.568184031398301,-229089,40.678169051023495,57.08624837584566,44.096812197160716,52.66499622855901
Governor,MT,0,250860,255933,328548,236115,-12.834429753189937,-77688,3.896596622534012,19818,41.443273708748166,54.2777034619381,50.32130706403256,46.42471044149855
Governor,NC,0,2834790,2309157,2586604,2298880,4.512014048656111,248186,0.21794066178397045,10277,51.5363973189054,47.024383270249295,48.96946625893625,48.75152559715228
Governor,ND,0,90789,65855,235479,259863,-40.43402673119381,-144690,-57.127186460829996,-194008,25.37124094891392,65.80526768010772,19.391524392694937,76.51871085352494
Governor,NH,0,264639,337589,516609,354040,-31.767168255960286,-251970,-2.272705759402333,-16451,33.364414970389625,65.1315832263499,46.63792259503217,48.91062835443451
Governor,UT,0,442754,323349,918754,750850,-32.670361406657996,-476000,-37.999151928894555,-427501,30.388515113956835,63.05887652061483,28.741424644752005,66.74057657364656
Governor,VT,0,99214,139253,248412,166817,-41.120037607442825,-149198,-8.775073516372291,-27564,27.344089137822444,68.46412674526528,44.33156698503087,53.106640501403156
Governor,WA,0,2294243,1760520,1749066,1476346,13.57745966093568,545177,8.2905654213308,284174,57.13739168175484,43.55993202081916,51.36186363130089,43.07129820997009
Governor,WV,0,237024,350408,497944,301987,-33.993572946549115,-260920,6.784406966913162,48421,30.880318235792036,64.87389118234115,49.09668277115523,42.31227580424206
President,AK,0,153405,2697087,189892,3781977,-9.323463124702949,-36487,-15.17105455253297,-1084890,39.199327449367054,48.52279057407001,37.71594724804127,52.88700180057424
President,AL,0,849648,718084,1441168,1306925,-25.460292755489597,-591520,-28.33466062608118,-588841,36.570676932506466,62.03096968799606,34.55375295031915,62.88841357640033
President,AR,0,423932,378729,760647,677904,-27.620667903129355,-336715,-26.986374891193066,-299175,34.77506195301496,62.39572985614432,34.16235573215228,61.148730623345344
President,AZ,0,1672143,936250,1661686,1021154,0.3087095839018742,10457,-4.115938937662703,-84904,49.364690614366616,49.055981030464736,45.38711757263151,49.50305651029421
President,CA,0,11109764,7362490,6005961,3916209,29.171413015136228,5103803,28.828757008869683,3446281,63.499220903450215,34.327807888313984,61.5885457947953,32.75978878592562
President,CO,0,1804352,1212209,1364607,1137455,13.501729991191153,439745,2.915312272710432,74754,55.400001166734675,41.89827117554352,47.27463112060947,44.35931884789904
President,CT,0,1080680,884432,715291,668266,20.029217006161335,365389,13.314469228390765,216166,59.23871335540597,39.20949634924463,54.475461675768166,41.1609924473774
President,DE,0,296268,235581,200603,185103,18.980774190988274,95665,11.432389278313158,50478,58.78216702049563,39.80139282950735,53.35500016986196,41.9226108915488
President,FL,0,5297045,4485745,5668731,4605515,-3.3583688970618,-371686,-1.2759474791594534,-119770,47.86145072544223,51.21981962250403,47.78805230777426,49.06399978693371
President,GA,0,2473633,1837300,2461854,2068623,0.23568766212405828,11779,-5.740645886254692,-231323,49.49526943907977,49.25958177695571,45.595503632651074,51.33614951890577
President,HI,0,366130,266827,196864,128815,29.464775296839342,169266,32.18375794321693,138012,63.73363923901899,34.26886394217965,62.2228181659185,30.03906022270157
President,IA,0,759061,650790,897672,798923,-8.19760939776009,-138611,-9.60107072487815,-148133,44.89171557144218,53.089324969202266,42.18020844135643,51.781279166234576
President,ID,0,287021,189677,554118,407199,-30.767821864866576,-267097,-31.60577419050179,-217522,33.062935935169136,63.83075780003571,27.559917760648617,59.16569195115041
President,IL,0,3471915,2977498,2446891,2118179,16.973827798339087,1025024,15.989472078120231,859319,57.492982935492684,40.5191551371536,55.40273301725998,39.413260939139754
President,IN,0,1242495,1031953,1729852,1556220,-16.067431140334392,-487357,-19.2601548330308,-524267,40.96320121535093,57.03063235568532,37.91116847028448,57.17132330331528
President,KS,0,558669,414788,758100,656009,-14.777406382936157,-199431,-21.027979946702374,-241221,41.3961663259401,56.17357270887626,36.15835166147551,57.18633160817788
President,KY,0,772474,628834,1326646,1202942,-25.9350570581364,-554172,-29.866955777128297,-574108,36.151514811154044,62.086571869290445,32.713979371746596,62.58093514887489
President,LA,0,856034,779535,1255776,1178004,-18.609425612482323,-399742,-19.650979345879705,-398469,39.85145680152621,58.46088241400854,38.44370875624035,58.09468810212005
President,MA,0,2382202,1964768,1167202,1083069,33.45815197546292,1215000,27.284250096935477,881699,65.6000630059685,32.141911030505575,60.79991186839922,33.51566177146374
President,MD,0,1985023,1497951,976414,873646,33.21037329232836,1008609,25.229102909102814,624305,65.36066486007711,32.15029156774875,60.53445019949138,35.30534729038857
President,ME,0,430473,354873,359899,334838,8.6727947501659,70574,2.7017733126559236,20035,52.90055791776243,44.22776316759653,47.8555727867305,45.153799474074575
President,MI,0,2804040,2268193,2649852,2279805,2.7835275996867477,154188,-0.24237531144872684,-11612,50.62081829082437,47.83729069113762,47.343608749640204,47.58598406108893
President,MN,0,1717077,1366676,1484065,1322891,7.110156900570645,233012,1.5013352059591196,43785,52.39509930974002,45.284942409169375,46.8616830864311,45.36034788047198
President,MO,0,1253014,1054889,1718736,1585753,-15.390874042701132,-465722,-19.129558667838037,-530864,41.40878173618836,56.79965577888949,38.012675588393634,57.142234256231674
President,MS,0,539398,462001,756764,678457,-16.52749665824702,-217366,-18.612073909682568,-216456,41.01330770435637,57.54080436260339,39.72537956142244,58.33745347110501
President,MT,0,244786,174521,343602,274120,-16.313000412711514,-98816,-20.596434051458516,-99599,40.41040033016921,56.72340074288073,36.08982286061699,56.68625691207551
President,NC,0,2684292,2162074,2758773,2339603,-1.3481209549448026,-74481,-3.8347577941410584,-177529,48.586220571564475,49.93434152650928,46.70239861098601,50.537156405127064
President,ND,0,114902,93526,235595,216133,-33.35728637799563,-120693,-36.38535409890554,-122607,31.756762359080092,65.11404873707572,27.75515775978728,64.14051185869282
President,NE,0,374583,273858,556846,485819,-19.057612097296154,-182263,-26.309707337538697,-211961,39.166794753962606,58.224406851258756,33.99268654159809,60.30239387913679
President,NH,0,424921,348521,365654,345789,7.367577042129209,59267,0.37345209438003807,2732,52.82261974317218,45.45504270104298,47.64125087314248,47.26779877876244
President,NJ,0,2608335,2021756,1883274,1535513,15.885710504763779,725061,13.231487284119565,486243,57.14726720847354,41.26155670370976,55.015370515549705,41.78388323143014
President,NM,0,501614,380724,401894,315875,10.792616603442772,99720,8.28077693656329,64849,54.289285849572224,43.49666924612945,48.61586945667816,40.33509252011487
President,NV,0,703486,537753,669890,511319,2.390534632724623,33596,2.353894513753462,26434,50.05678195728403,47.66624732455941,47.88582266983678,45.53192815608331
President,NY,0,5244006,4143874,3250230,2640570,23.139839407256442,1993776,21.335036384989017,1503304,60.86213129794382,37.72229189068737,58.81026230543522,37.4752259204462
President,OH,0,2679165,2317001,3154834,2771984,-8.031961760169613,-475669,-8.543647935974702,-454983,45.239338340705025,53.27130010087464,43.508528475352534,52.05217641132724
President,OK,0,503890,419788,1020280,947934,-33.08709751207632,-516390,-36.39735475405498,-528146,32.28617433598663,65.37327184806296,28.92982765654806,65.32718241060304
President,OR,0,1340383,934631,958448,742506,16.08607260770553,381935,10.623004298964654,192125,56.453318654048886,40.367246046343354,51.67775735040018,41.054753051435526
President,PA,0,3459923,2844705,3378263,2912941,1.179162355754409,81660,-1.1429610893071096,-68236,49.960947286417614,48.7817849306632,47.649145986830725,48.79210707613783
President,RI,0,306210,249902,199837,179421,20.59963244336084,106373,15.658234119270151,70481,59.29900868154064,38.6993762381798,55.51884937605666,39.86061525678651
President,SC,0,1091541,849469,1385103,1143611,-11.68020581467846,-293562,-14.111292987482514,-294142,43.430088142061784,55.11029395674024,40.75278587479443,54.86407886227694
President,SD,0,150471,117442,261043,227701,-26.164137536114943,-110572,-29.795944839439315,-110259,35.60525213613529,61.769389672250234,31.737049618021494,61.53299445746081
President,TN,0,1143711,867110,1852475,1517402,-23.208859895260115,-708764,-26.17194653178202,-650292,37.4514342710237,60.66029416628382,34.898102017514454,61.07004854929647
President,TX,0,5259126,3867816,5890347,4681590,-5.577186461353159,-631221,-9.140203725903287,-813774,46.46728534974343,52.044471811096585,43.44280625125446,52.583009977157744
President,UT,0,560282,274188,865140,452086,-20.483790446613526,-304858,-18.061499131434164,-177898,37.64604858330606,58.129839029919594,27.83756042141941,45.89905955285358
President,VA,0,2413568,1916845,1962430,1731156,10.114013510520289,451138,4.829630354035217,185689,54.10951717780243,43.99550366728214,49.85568771429991,45.026057360264694
President,VT,0,242820,178179,112704,95053,35.41265227473138,130116,28.52515158898196,83126,66.08641693066397,30.67376465593259,61.143119901994766,32.6179683130128
President,WA,0,2369612,1610524,1584651,1129120,19.203323391959792,784961,16.274964147370028,481404,57.97030113530307,38.76697774334327,54.44745028807191,38.17248614070188
President,WI,0,1630673,1380823,1610065,1403694,0.6249863526854276,20608,-0.7786333556438747,-22871,49.45401643500603,48.8290300823206,47.00952498973556,47.788158345379436
President,WV,0,235984,187457,545382,486198,-38.935030680096446,-309398,-42.18159175178545,-298741,29.696521244519612,68.63155192461606,26.468528407598704,68.65012015938414
President,WY,0,73491,55949,193559,174248,-43.382653153397285,-120068,-47.55891646766529,-118299,26.553574332014524,69.9362274854118,22.49278368751558,70.05170015518087
Senate,AZ,0,1191100,943660,1135200,1024459,2.337720708724123,55900,-3.919806049496808,-80799,49.81143356281401,47.47371285408988,45.779826194237025,49.69963224373384
Senate,CA,0,11113364,6538196,0,4081156,100,11113364,23.048228820974344,2457040,100,0,61.331454711514326,38.28322589053999
Senate,CT,0,787685,815077,545717,637857,17.45439181085515,241968,11.9832463618809,177220,56.81975556079084,39.36536374993569,55.11380484653424,43.13055848465334
Senate,DE,0,217385,265374,137127,115694,22.165088560753986,80258,37.50078748558538,149680,60.03585657229816,37.87076801154417,66.48673154863532,28.985944063049935
Senate,FL,0,4088007,4521534,4099038,3457254,-0,-11031,0,1064280,0,0,0,0
Senate,HI,0,276316,266435,112035,159002,42.3573856044826,164281,25.29905496806898,107433,71.24392571684014,28.886540112357537,62.741929485516174,37.44287451744719
Senate,IN,0,1008030,1263837,1151904,1121320,-5.641446171530951,-143874,5.634942995884828,142517,39.52588365019631,45.167329821727265,49.970525979989006,44.33558298410418
Senate,MA,0,1633371,1678408,979210,1449180,23.648840714877785,654161,7.311411035391111,229228,59.048660203375995,35.39981948849821,53.53417022828243,46.22275919289132
Senate,MD,0,1491614,1335706,697017,642443,34.557632562158,794597,28.573008025608868,693263,64.87143613249324,30.313803570335253,55.05145703413267,26.478449008523803
Senate,ME,0,65570,91694,223253,213644,-24.49833825188221,-157683,-17.51828337805007,-121950,10.187249349491807,34.68558760137402,13.171967823427005,30.690251201477075
Senate,MI,0,2214478,2732886,1938818,1765548,6.613847600915393,275660,20.850433895517696,967338,53.1314663265614,46.51761872564601,58.905841481452995,38.0554075859353
Senate,MN,0,2936714,1856196,2036214,868977,17.455626735324213,900500,34.713635095337224,987219,56.926355816103175,39.470729080778966,65.26952034900522,30.555885253667988
Senate,MO,0,1023000,1484683,1234203,1063698,-9.028679558272126,-211203,0,420985,43.73204541655367,52.7607249748258,0,0
Senate,MS,0,770161,472930,1098540,673223,-17.48326223999236,-328379,-17.10319135612312,-200293,41.004226001098594,58.48748824109096,40.38389902818025,57.48709038430337
Senate,MT,0,253876,234465,235963,215701,3.5587411891451444,17913,3.8984296075287834,18764,50.43705566546154,46.878314476316405,48.712710399127914,44.81428079159913
Senate,ND,0,144376,160752,179720,157758,-10.84439824213382,-35344,0.9442783488970812,2994,44.298065884062716,55.142464126196536,50.69961026783687,49.75533191893979
Senate,NE,0,269917,318930,403151,444319,-19.132626606404884,-133234,-16.239159367898473,-125389,38.76053541679291,57.8931620231978,41.30470054952077,57.54385991741924
Senate,NJ,0,1684391,1828417,1340763,1244734,10.991615701498949,343628,18.68541185012039,583683,53.87855053448356,42.88693483298461,58.533013088888275,39.84760123876788
Senate,NM,0,376998,389274,212813,346938,23.550057475537585,164185,-0,42336,54.075126035647095,30.52506856010951,-0,-0
Senate,NV,0,490071,444337,441202,456471,5.0260821639647775,48869,-1.2233957658157666,-12134,50.40285481954577,45.37677265558099,44.799736640454945,46.02313240627071
Senate,NY,0,3656751,4095112,1650521,1504075,NA,2006230,45.60380601597639,2591037,NA,NA,72.07642857346194,26.47262255748555
Senate,OH,0,2358508,2645901,2057559,2371230,6.8040215449727,300949,0,274671,53.32245412342448,46.51843257845178,0,0
Senate,PA,0,2792615,2943289,2135149,2453730,13.12120403789811,657466,8.885457634187729,489559,55.732876246520476,42.611672208622366,53.42046559183013,44.5350079576424
Senate,RI,0,231338,265687,144418,144620,23.086885835471993,86920,29.486808236355717,121067,61.44585820762103,38.35897237214904,64.71013257033412,35.22332433397841
Senate,TN,0,985450,700753,1227483,1496668,-10.790234907191937,-242033,-34.599230335074,-795915,43.933004959209256,54.723239866401194,30.46244191275967,65.06167224783367
Senate,TX,0,4044073,3183314,4259630,4456599,-2.5792156174221743,-215557,-16.248416835536034,-1273285,48.388761393020616,50.967977010442794,40.62233733248845,56.870754168024476
Senate,UT,0,328532,275880,665087,595972,-31.592248650081594,-336555,-34.981027372857355,-320092,30.839133673570757,62.43138232365235,30.149350285617533,65.1303776584749
Senate,VA,0,1910370,1943812,1374313,1757337,15.995053392817297,536057,5.041637879673984,186475,57.002278022740825,41.00722462992353,52.55394133350232,47.51230345382834
Senate,VT,0,0,208253,74815,72629,-27.433630652432438,-74815,46.3311808294366,135624,0,27.433630652432438,71.14233027541334,24.81114944597675
Senate,WA,0,1802779,1714271,1282006,1135453,16.907579717925426,520773,20.44871289621217,578818,58.52958900769027,41.62200928976484,60.562448827269606,40.113735931057434
Senate,WI,0,1472914,1544274,1184885,1377253,10.956889330222982,288029,5.576190624438545,167021,56.031009693246354,45.07412036302337,51.557386199125915,45.98119557468737
Senate,WV,0,290510,394532,271113,237825,3.308152433712353,19397,24.053958421089256,156707,49.54639189141494,46.23823945770259,60.559236816410156,36.5052783953209
Senate,WY,0,61227,52596,136210,184531,-36.53676975027774,-74983,-54.218355932373086,-131935,29.833919708470656,66.3706894587484,21.614193721295294,75.83254965366838
House,MI,1,145403,NA,233094,NA,-22.565935578835767,-87691,NA,NA,37.41723473297667,59.98317031181244,NA,NA
House,WI,2,268740,NA,101890,NA,44.077593471708184,166850,NA,NA,70.99438099842287,26.916787526714693,NA,NA
House,WI,5,134581,NA,243741,NA,-28.838406120632037,-109160,NA,NA,35.55424637340399,64.39265249403603,NA,NA
House,MI,9,123702,NA,238300,NA,-30.729750457200165,-114598,NA,NA,33.17101163245933,63.9007620896595,NA,NA
House,MI,7,192809,NA,172624,NA,5.415767839702931,20185,NA,NA,51.731918821168314,46.316150981465384,NA,NA
House,PA,1,165809,NA,201571,NA,-9.734335020959225,-35762,NA,NA,45.13283248952039,54.86716751047961,NA,NA
House,MI,6,241759,NA,125167,NA,31.77525774881652,116592,NA,NA,65.88749260752138,34.112234858704866,NA,NA
House,PA,4,224799,NA,141986,NA,22.578077075125755,82813,NA,NA,61.289038537562874,38.710961462437126,NA,NA
House,MI,11,224537,NA,141642,NA,22.637835594067383,82895,NA,NA,61.31891779703369,38.68108220296631,NA,NA
House,CO,7,204984,NA,150510,NA,14.981806980728877,54474,NA,NA,56.37608257403033,41.39427559330145,NA,NA
House,PA,17,193615,NA,169013,NA,6.784363038706332,24602,NA,NA,53.392181519353166,46.607818480646834,NA,NA
House,AZ,1,179141,NA,182336,NA,-0.8838736627779914,-3195,NA,NA,49.55806316861101,50.44193683138899,NA,NA
House,ME,1,219753,NA,129263,NA,25.266796597959445,90490,NA,NA,61.359866866961895,36.09307026900245,NA,NA
House,CO,4,129619,NA,216024,NA,-24.37287208085458,-86405,NA,NA,36.562552007965856,60.93542408882044,NA,NA
House,OR,5,171514,NA,178813,NA,-2.0781076948919948,-7299,NA,NA,48.8319719388554,50.9100796337474,NA,NA
House,AZ,6,171969,NA,177201,NA,-1.4979257507522554,-5232,NA,NA,49.234861129800194,50.732786880552446,NA,NA
House,CO,2,244107,NA,97700,NA,41.9697912217384,146407,NA,NA,69.97698078483197,28.007189563093576,NA,NA
House,FL,17,123798,NA,222483,NA,-28.31658565419247,-98685,NA,NA,35.522487417720214,63.83907307191268,NA,NA
House,WA,6,208710,NA,138754,NA,20.109637712613512,69956,NA,NA,59.9960330350444,39.886395322430886,NA,NA
House,WA,7,295998,NA,49207,NA,71.19375041468699,246791,NA,NA,85.3888826385343,14.195132223847315,NA,NA
House,VA,1,147229,NA,191828,NA,-13.012411668251922,-44599,NA,NA,42.95621779647665,55.96862946472857,NA,NA
House,MA,9,197823,NA,136347,NA,17.951555678848315,61476,NA,NA,57.76612985647749,39.814574177629176,NA,NA
House,FL,8,120080,NA,222128,NA,-29.820460071067888,-102048,NA,NA,35.08976996446606,64.91023003553394,NA,NA
House,FL,13,153876,NA,181487,NA,-8.084123368448173,-27611,NA,NA,45.05278937536964,53.13691274381782,NA,NA
House,MI,2,116452,NA,216222,NA,-29.385516654345388,-99770,NA,NA,34.29890934581366,63.68442600015905,NA,NA
House,OR,4,171372,NA,146055,NA,7.46644567458129,25317,NA,NA,50.540732635949944,43.07428696136866,NA,NA
House,MI,3,185989,NA,142229,NA,12.909011528431686,43760,NA,NA,54.86595395707223,41.956942428640545,NA,NA
House,MI,4,143690,NA,183936,NA,-11.894853819144785,-40246,NA,NA,42.46810975681842,54.36296357596321,NA,NA
House,WI,7,128877,NA,209224,NA,-23.75246845696312,-80347,NA,NA,38.09908120188726,61.85154965885038,NA,NA
House,CA,3,156761,NA,181438,NA,-7.296591651660709,-24677,NA,NA,46.35170417416965,53.64829582583035,NA,NA
House,WA,2,202980,NA,134335,NA,20.313799297473093,68645,NA,NA,60.06693832618674,39.75313902871364,NA,NA
House,WA,8,179003,NA,155976,NA,6.852498824537701,23027,NA,NA,53.26867794713693,46.41617912259923,NA,NA
House,MI,8,178322,NA,143850,NA,10.26474783297452,34472,NA,NA,53.09904743187753,42.834299598903016,NA,NA
House,MN,3,198883,NA,134797,NA,19.191964566469316,64086,NA,NA,59.55989590352209,40.367931337052774,NA,NA
House,GA,6,125612,NA,206886,NA,-24.44345529897924,-81274,NA,NA,37.77827235051038,62.22172764948962,NA,NA
House,TX,21,122655,NA,207426,NA,-25.681878084470174,-84771,NA,NA,37.159060957764915,62.840939042235085,NA,NA
House,MN,8,NA,NA,188755,NA,NA,NA,NA,NA,NA,57.18462190984004,NA,NA
House,PA,12,184674,NA,143946,NA,12.393646156655103,40728,NA,NA,56.196823078327554,43.803176921672446,NA,NA
House,FL,21,119891,NA,208614,NA,-27.00811250970305,-88723,NA,NA,36.49594374514847,63.50405625485153,NA,NA
House,SD,0,NA,NA,253821,NA,NA,NA,NA,NA,NA,77.42198199737068,NA,NA
House,CO,3,163293,NA,163839,NA,-0.16682707731793392,-546,NA,NA,49.893212337870665,50.0600394151886,NA,NA
House,NY,1,135170,NA,154046,NA,-5.771559262747209,-18876,NA,NA,41.329819111333975,47.101378374081186,NA,NA
House,FL,11,115647,NA,205995,NA,-27.662434286869008,-90348,NA,NA,35.40839352253,63.070827809399006,NA,NA
House,PA,6,190386,NA,136097,NA,16.62843088307814,54289,NA,NA,58.31421544153907,41.68578455846093,NA,NA
House,MI,10,157602,NA,159202,NA,-0.4904409984152625,-1600,NA,NA,48.30905139515138,48.79949239356664,NA,NA
House,MN,2,165583,NA,148576,NA,5.225334283747911,17007,NA,NA,50.87472962343919,45.64939533969128,NA,NA
House,NC,11,144165,NA,174232,NA,-9.282459433426363,-30067,NA,NA,44.50745881597471,53.78991824940107,NA,NA
House,AZ,2,149151,NA,174169,NA,-7.736026419621764,-25018,NA,NA,46.12023649024725,53.85626290986902,NA,NA
House,MA,6,198119,NA,110770,NA,27.040355135094973,87349,NA,NA,61.33107555907774,34.29072042398276,NA,NA
House,FL,12,95390,NA,226601,NA,-40.749390518486315,-131211,NA,NA,29.62468361309958,70.3740741315859,NA,NA
House,DE,0,178416,NA,138201,NA,12.502759218900106,40215,NA,NA,55.469160482389185,42.96640126348908,NA,NA
House,AZ,5,120243,NA,182464,NA,-19.34792748530738,-62221,NA,NA,37.39015516651637,56.73808265182375,NA,NA
House,IA,2,145940,NA,172181,NA,-8.1618751691254,-26241,NA,NA,45.392479790486675,53.55435495961208,NA,NA
House,PA,16,130443,NA,190546,NA,-18.724317655745214,-60103,NA,NA,40.637841172127395,59.362158827872605,NA,NA
House,MN,6,NA,NA,198145,NA,NA,NA,NA,NA,NA,61.96543107950477,NA,NA
House,WA,3,160314,NA,157685,NA,0.8221817055970277,2629,NA,NA,50.1358835873267,49.31370188172968,NA,NA
House,WI,3,152977,NA,164743,NA,-3.700907769830336,-11766,NA,NA,48.11777731644869,51.818685086279025,NA,NA
House,MI,5,110946,NA,198020,NA,-27.445801209110567,-87074,NA,NA,34.97027655724994,62.4160777663605,NA,NA
House,WA,5,127585,NA,188648,NA,-19.2624114370075,-61063,NA,NA,40.246872298947025,59.509283735954526,NA,NA
House,PA,11,121835,NA,194991,NA,-23.09027668183798,-73156,NA,NA,38.45486165908101,61.54513834091899,NA,NA
House,ME,2,165136,NA,146142,NA,6.003502095568016,18994,NA,NA,52.19513120215436,46.19162910658634,NA,NA
House,MO,2,135895,NA,173277,NA,-11.842263658423777,-37382,NA,NA,43.0502493141485,54.89251297257228,NA,NA
House,PA,5,205128,NA,110058,NA,30.163141763910833,95070,NA,NA,65.08157088195541,34.918429118044585,NA,NA
House,IA,3,154117,NA,156262,NA,-0.6808680829992477,-2145,NA,NA,48.9199749872238,49.60084307022305,NA,NA
House,PA,10,145215,NA,169331,NA,-7.666923120942565,-24116,NA,NA,46.166538439528715,53.833461560471285,NA,NA
House,FL,19,100226,NA,213035,NA,-36.009691196843654,-112809,NA,NA,31.993079540593858,68.00277073743752,NA,NA
House,ID,1,82261,NA,222901,NA,-45.01315444146434,-140640,NA,NA,26.328406552256098,71.34156099372044,NA,NA
House,GA,3,97057,NA,213524,NA,-37.49971826995212,-116467,NA,NA,31.25014086502394,68.74985913497606,NA,NA
House,NV,2,117371,NA,185467,NA,-21.931220168889975,-68096,NA,NA,37.80088760636139,59.73210777525137,NA,NA
House,OR,1,210682,NA,99042,NA,35.98469586743295,111640,NA,NA,67.90870382248754,31.924007955054588,NA,NA
House,WI,8,NA,NA,223981,NA,NA,NA,NA,NA,NA,72.20628247946459,NA,NA
House,NJ,7,150701,NA,159392,NA,-2.802707574824327,-8691,NA,NA,48.59864621258784,51.40135378741216,NA,NA
House,NH,1,167391,NA,142229,NA,8.117769274943381,25162,NA,NA,54.0037165846136,45.885947309670215,NA,NA
House,IA,1,142173,NA,162947,NA,-6.7070020921042435,-20774,NA,NA,45.901348244957,52.60835033706124,NA,NA
House,CA,2,229720,NA,79029,NA,48.80695969865489,150691,NA,NA,74.40347984932745,25.596520150672553,NA,NA
House,OR,2,99882,NA,208369,NA,-35.14591351449416,-108487,NA,NA,32.35820083194029,67.50411434643445,NA,NA
House,VA,5,129996,NA,177191,NA,-15.333506611650801,-47195,NA,NA,42.23529029533123,57.56879690698203,NA,NA
House,GA,10,109107,NA,198523,NA,-29.066085882391185,-89416,NA,NA,35.46695705880441,64.53304294119559,NA,NA
House,NH,2,171636,NA,135579,NA,11.722651373283396,36057,NA,NA,55.80134207240949,44.07869069912609,NA,NA
House,NY,23,104114,NA,163000,NA,-19.235870197239045,-58886,NA,NA,34.010178815259074,53.24604901249812,NA,NA
House,MN,7,NA,NA,204766,NA,NA,NA,NA,NA,NA,66.94630982194818,NA,NA
House,FL,16,115575,NA,189762,NA,-24.29508969799383,-74187,NA,NA,37.84901656416403,62.14410626215786,NA,NA
House,PA,15,91729,NA,213417,NA,-39.878615482424806,-121688,NA,NA,30.060692258787597,69.9393077412124,NA,NA
House,FL,7,126079,NA,177966,NA,-17.065004686652085,-51887,NA,NA,41.46585321734555,58.530857903997635,NA,NA
House,GA,11,113571,NA,190086,NA,-25.197838350507315,-76515,NA,NA,37.401080824746344,62.598919175253656,NA,NA
House,OH,7,135485,NA,168002,NA,-10.711426905554841,-32517,NA,NA,44.63012191466303,55.341548820217874,NA,NA
House,OR,3,212119,NA,79766,NA,43.63276124667858,132353,NA,NA,69.92918696881985,26.29642572214127,NA,NA
House,PA,9,92622,NA,209185,NA,-38.62170194859629,-116563,NA,NA,30.689149025701855,69.31085097429815,NA,NA
House,FL,2,121153,NA,180236,NA,-19.603568809744218,-59083,NA,NA,40.19821559512789,59.80178440487211,NA,NA
House,KS,3,165527,NA,128839,NA,12.176810689890937,36688,NA,NA,54.93869775037007,42.76188706047913,NA,NA
House,WI,1,135825,NA,162610,NA,-8.902604805445595,-26785,NA,NA,45.14453230164823,54.04713710709383,NA,NA
House,FL,6,NA,NA,226548,NA,NA,NA,NA,NA,NA,75.32642848830443,NA,NA
House,IL,15,86396,NA,213007,NA,-42.28781942732705,-126611,NA,NA,28.856090286336475,71.14390971366352,NA,NA
House,IL,16,100325,NA,197621,NA,-32.65558188396555,-97296,NA,NA,33.67220905801722,66.32779094198277,NA,NA
House,TX,24,119878,NA,177947,NA,-19.49769159741459,-58069,NA,NA,40.25115420129271,59.74884579870729,NA,NA
House,OH,14,113639,NA,183389,NA,-23.4826346337719,-69750,NA,NA,38.25868268311405,61.74131731688595,NA,NA
House,VA,2,143219,NA,153328,NA,-3.4037495454484237,-10109,NA,NA,48.222534983636145,51.626284529084565,NA,NA
House,PA,7,151364,NA,145527,NA,1.9660414091366865,5837,NA,NA,50.98302070456835,49.01697929543165,NA,NA
House,MN,1,NA,NA,159621,NA,NA,NA,NA,NA,NA,53.826543515867634,NA,NA
House,OH,1,156416,NA,140058,NA,5.5175158698570534,16358,NA,NA,52.758757934928525,47.241242065071475,NA,NA
House,VA,10,157405,NA,138163,NA,6.497492782251937,19242,NA,NA,53.15132789680731,46.65383511455537,NA,NA
House,MN,4,200055,NA,95493,NA,35.328222506782716,104562,NA,NA,67.59231416379197,32.26409165700925,NA,NA
House,NY,20,145928,NA,110903,NA,11.843893927404793,35025,NA,NA,49.34634555427056,37.50245162686577,NA,NA
House,GA,5,243687,NA,51769,NA,64.95654175240983,191918,NA,NA,82.47827087620492,17.521729123795083,NA,NA
House,NC,2,190714,NA,104155,NA,29.355069539354766,86559,NA,NA,64.67753476967738,35.32246523032262,NA,NA
House,OR,6,147156,NA,139946,NA,2.449240259938786,7210,NA,NA,49.98895973530541,47.539719475366624,NA,NA
House,GA,9,81318,NA,212820,NA,-44.70758623503254,-131502,NA,NA,27.64620688248373,72.35379311751626,NA,NA
House,MD,1,126511,NA,159673,NA,-11.304276685824147,-33162,NA,NA,43.12512356915441,54.42940025497856,NA,NA
House,NY,19,124396,NA,129960,NA,-1.9017215980750366,-5564,NA,NA,42.517354405848714,44.419076003923756,NA,NA
House,VT,0,176494,NA,78397,NA,33.60004110222466,98097,NA,NA,60.45246698977582,26.852425887551163,NA,NA
House,CA,49,153541,NA,138194,NA,5.260596088916311,15347,NA,NA,52.63029804445816,47.36970195554184,NA,NA
House,MD,3,175514,NA,115801,NA,20.47756874095514,59713,NA,NA,60.18957345971564,39.712004718760504,NA,NA
House,MA,4,201882,NA,NA,NA,NA,NA,NA,NA,69.23987117972075,NA,NA,NA
House,NC,4,194983,NA,96442,NA,33.81350261645363,98541,NA,NA,66.90675130822682,33.093248691773184,NA,NA
House,NY,17,133457,NA,125738,NA,2.6497727491177723,7719,NA,NA,45.8130226427012,43.163249893583426,NA,NA
House,IL,12,72791,NA,218379,NA,-50.0008586019899,-145588,NA,NA,24.999398978607072,75.00025758059697,NA,NA
House,FL,1,93467,NA,197349,NA,-35.720868177816904,-103882,NA,NA,32.13956591109155,67.86043408890845,NA,NA
House,OH,4,89383,NA,200773,NA,-38.38969381987621,-111390,NA,NA,30.805153090061896,69.19484690993811,NA,NA
House,VA,11,193190,NA,95634,NA,33.67762603736588,97556,NA,NA,66.69175216448723,33.01412612712134,NA,NA
House,NY,21,112645,NA,150595,NA,-13.10351257004941,-37950,NA,NA,38.89447097373428,51.99798354378369,NA,NA
House,MN,5,214224,NA,70702,NA,49.79840808310722,143522,NA,NA,74.33016661693372,24.531758533826498,NA,NA
House,PA,8,146956,NA,139930,NA,2.4490564196231257,7026,NA,NA,51.22452820981156,48.77547179018844,NA,NA
House,WA,1,181992,NA,104329,NA,27.09010617962635,77663,NA,NA,63.481742964378896,36.39163678475255,NA,NA
House,TX,37,219358,NA,59923,NA,55.78766152651082,159435,NA,NA,76.75522850774523,20.967566981234405,NA,NA
House,NY,24,95028,NA,156347,NA,-21.475877769021977,-61319,NA,NA,33.281849225111635,54.75772699413361,NA,NA
House,CT,2,165946,NA,114506,NA,18.047159782620135,51440,NA,NA,58.22033392859022,40.17317414597009,NA,NA
House,NY,25,139875,NA,108010,NA,11.181094073476263,31865,NA,NA,49.08066949717534,37.899575423699076,NA,NA
House,FL,3,103382,NA,178101,NA,-26.227039625403222,-74719,NA,NA,36.288009884412745,62.51504950981597,NA,NA
House,MA,5,203994,NA,71491,NA,46.51170137706622,132503,NA,NA,71.60674106030237,25.09503968323616,NA,NA
House,MA,8,189987,NA,82126,NA,37.90142067516331,107861,NA,NA,66.7597853701732,28.858364695009893,NA,NA
House,OH,13,149816,NA,134593,NA,5.352502909542244,15223,NA,NA,52.67625145477112,47.32374854522888,NA,NA
House,CA,40,122722,NA,161589,NA,-13.670593118099546,-38867,NA,NA,43.16470344095023,56.83529655904977,NA,NA
House,NC,7,120222,NA,164047,NA,-15.416735556814144,-43825,NA,NA,42.29163222159293,57.70836777840707,NA,NA
House,IA,4,84230,NA,186467,NA,-35.98196625535839,-102237,NA,NA,29.644463527772107,65.62642978313049,NA,NA
House,UT,3,83687,NA,182497,NA,-34.86837462065072,-98810,NA,NA,29.53172418660456,64.40009880725528,NA,NA
House,CA,19,194494,NA,88816,NA,37.30118950972433,105678,NA,NA,68.65059475486217,31.349405245137834,NA,NA
House,CA,5,109506,NA,173524,NA,-22.618803660389357,-64018,NA,NA,38.69059816980532,61.30940183019468,NA,NA
House,CO,1,226929,NA,49530,NA,62.77033147450958,177399,NA,NA,80.29587850652476,17.525547032015172,NA,NA
House,CO,6,170140,NA,105084,NA,23.17180459831526,65056,NA,NA,60.60087977061851,37.42907517230326,NA,NA
House,NM,1,156462,NA,124151,NA,11.512055039530269,32311,NA,NA,55.74569513772353,44.233640098193256,NA,NA
House,OH,6,90500,NA,189883,NA,-35.445444267305795,-99383,NA,NA,32.277277866347106,67.7227221336529,NA,NA
House,MA,2,180639,NA,91956,NA,31.66447079490558,88683,NA,NA,64.49757382949323,32.83310303458766,NA,NA
House,OH,5,92634,NA,187303,NA,-33.81796618524882,-94669,NA,NA,33.09101690737559,66.90898309262441,NA,NA
House,NY,3,120045,NA,133859,NA,-4.937592039231946,-13814,NA,NA,42.90815378236564,47.84574582159759,NA,NA
House,FL,23,143951,NA,130681,NA,4.755437217119574,13270,NA,NA,51.58628054571061,46.83084332859104,NA,NA
House,OH,8,98629,NA,180287,NA,-29.276914913450646,-81658,NA,NA,35.36154254327468,64.63845745672532,NA,NA
House,CA,36,194299,NA,84264,NA,39.500938746351814,110035,NA,NA,69.7504693731759,30.249530626824093,NA,NA
House,NY,4,130871,NA,129353,NA,0.5449689102057814,1518,NA,NA,46.98328474805061,46.438315837844826,NA,NA
House,CO,5,111978,NA,155528,NA,-15.667496510339468,-43550,NA,NA,40.285072887136465,55.95256939747593,NA,NA
House,MO,3,96851,NA,180746,NA,-30.22186839194948,-83895,NA,NA,34.88906580402526,65.11093419597474,NA,NA
House,MI,12,196643,NA,72888,NA,44.584025333511065,123755,NA,NA,70.84268509278506,26.258659759274003,NA,NA
House,NC,5,102269,NA,175279,NA,-26.305359793621285,-73010,NA,NA,36.84732010318936,63.15267989681064,NA,NA
House,NC,13,143090,NA,134256,NA,3.1851910609851952,8834,NA,NA,51.592595530492595,48.407404469507405,NA,NA
House,MD,5,182478,NA,94000,NA,31.950743897154414,88478,NA,NA,65.8955655062834,33.944821609128994,NA,NA
House,IL,6,150496,NA,126351,NA,8.721045730859391,24145,NA,NA,54.358355697304404,45.63730996644502,NA,NA
House,OH,12,84893,NA,191344,NA,-38.53611210663307,-106451,NA,NA,30.731943946683465,69.26805605331654,NA,NA
House,GA,4,216332,NA,59302,NA,56.970475340487745,157030,NA,NA,78.48523767024388,21.514762329756127,NA,NA
House,VA,7,143357,NA,130586,NA,4.650934119960668,12771,NA,NA,52.2076550493463,47.55672092938563,NA,NA
House,IL,5,190999,NA,79112,NA,40.752868329994534,111887,NA,NA,69.5680203970133,28.815152067018758,NA,NA
House,FL,4,108402,NA,165696,NA,-20.902361521034063,-57294,NA,NA,39.54790717358073,60.4502686946148,NA,NA
House,NY,22,132913,NA,116529,NA,5.979976713713724,16384,NA,NA,48.511758114613784,42.531781400900066,NA,NA
House,NJ,11,161436,NA,109952,NA,18.812850795135642,51484,NA,NA,58.99058699719364,40.177736202058,NA,NA
House,OH,10,104634,NA,168327,NA,-23.334102674008374,-63693,NA,NA,38.33294866299581,61.66705133700419,NA,NA
House,SC,1,115796,NA,153757,NA,-13.921395330074336,-37961,NA,NA,42.46573835360733,56.38713368368167,NA,NA
House,NY,18,123168,NA,116972,NA,2.2727856296562576,6196,NA,NA,45.17986772651742,42.90708209686117,NA,NA
House,FL,22,150010,NA,122194,NA,10.218806483372765,27816,NA,NA,55.10940324168638,44.89059675831362,NA,NA
House,NJ,3,150498,NA,118415,NA,11.822342432639585,32083,NA,NA,55.45737279641531,43.63503036377572,NA,NA
House,TX,3,100121,NA,164240,NA,-23.637818149644616,-64119,NA,NA,36.910151296192524,60.54796944583714,NA,NA
House,ID,2,98736,NA,172450,NA,-27.182081670882717,-73714,NA,NA,36.408959164558645,63.591040835441355,NA,NA
House,VA,6,95410,NA,173352,NA,-28.949538319825876,-77942,NA,NA,35.437574749103014,64.38711306892888,NA,NA
House,VA,8,197760,NA,66589,NA,48.774057768390996,131171,NA,NA,73.53422375583781,24.76016598744683,NA,NA
House,CA,50,168816,NA,99819,NA,25.684292813669106,68997,NA,NA,62.84214640683455,37.15785359316545,NA,NA
House,MD,2,158998,NA,109075,NA,18.59786763226715,49923,NA,NA,59.231691961524994,40.63382432925784,NA,NA
House,NC,10,73174,NA,194681,NA,-45.30344099892993,-121507,NA,NA,27.2826585435876,72.58609954251753,NA,NA
House,WA,10,152544,NA,114777,NA,14.105427491521878,37767,NA,NA,56.972974588045474,42.867547096523595,NA,NA
House,UT,1,87986,NA,178434,NA,-33.94940319795811,-90448,NA,NA,33.02529840102095,66.97470159897905,NA,NA
House,OH,9,150655,NA,115362,NA,13.267197209200916,35293,NA,NA,56.63359860460046,43.36640139539954,NA,NA
House,NJ,5,145559,NA,117873,NA,10.410501498441395,27686,NA,NA,54.73315710509395,44.32265560665255,NA,NA
House,CA,47,137374,NA,128261,NA,3.4306473168068967,9113,NA,NA,51.71532365840345,48.28467634159655,NA,NA
House,AZ,4,148941,NA,116521,NA,12.21101477223934,32420,NA,NA,56.098727674031444,43.887712901792106,NA,NA
House,GA,12,107148,NA,158047,NA,-19.19304662606761,-50899,NA,NA,40.403476686966194,59.596523313033806,NA,NA
House,TX,26,NA,NA,183639,NA,NA,NA,NA,NA,NA,69.29172185055637,NA,NA
House,GA,13,216388,NA,48228,NA,63.548689421652504,168160,NA,NA,81.77434471082626,18.225655289173748,NA,NA
House,IL,11,149172,NA,115069,NA,12.906021397133678,34103,NA,NA,56.453010698566835,43.546989301433165,NA,NA
House,MD,8,211842,NA,47965,NA,62.026221963165106,163877,NA,NA,80.18061664004603,18.15439467688092,NA,NA
House,GA,1,107837,NA,156128,NA,-18.294470857878885,-48291,NA,NA,40.852764571060554,59.147235428939446,NA,NA
House,PA,3,251115,NA,NA,NA,NA,NA,NA,NA,95.14274347850797,NA,NA,NA
House,MA,1,157635,NA,98386,NA,22.472511008871578,59249,NA,NA,59.78926687173574,37.31675586286416,NA,NA
House,AK,0,128553,NA,67866,NA,23.02150904745647,60687,NA,NA,48.76635939456015,25.744850347103675,NA,NA
House,NC,8,79192,NA,183998,NA,-39.82142178654204,-104806,NA,NA,30.08928910672898,69.91071089327102,NA,NA
House,FL,14,149737,NA,113427,NA,13.797479898466355,36310,NA,NA,56.898739949233175,43.101260050766825,NA,NA
House,CA,11,220848,NA,42217,NA,67.90375002375839,178631,NA,NA,83.9518750118792,16.048124988120808,NA,NA
House,MO,6,72253,NA,184865,NA,-42.83584133408396,-112612,NA,NA,27.483909742403725,70.31975107648768,NA,NA
House,CA,24,159019,NA,103533,NA,21.133337396020597,55486,NA,NA,60.5666686980103,39.4333313019897,NA,NA
House,CA,4,176900,NA,84007,NA,35.603874177388875,92893,NA,NA,67.80193708869444,32.19806291130556,NA,NA
House,GA,8,81886,NA,178700,NA,-37.152418011712065,-96814,NA,NA,31.423790994143967,68.57620900585603,NA,NA
House,PA,13,NA,NA,260345,NA,NA,NA,NA,NA,NA,100,NA,NA
House,TX,38,92302,NA,163597,NA,-27.434976853722453,-71295,NA,NA,35.5186651736067,62.95364202732915,NA,NA
House,KY,3,160920,NA,98637,NA,23.99311213581574,62283,NA,NA,61.99077765835732,37.997665522541574,NA,NA
House,UT,2,88224,NA,154883,NA,-25.69747763098547,-66659,NA,NA,34.01092525414516,59.70840288513063,NA,NA
House,NC,6,139553,NA,116635,NA,8.848716978509486,22918,NA,NA,53.88188325778577,45.03316627927629,NA,NA
House,NJ,4,81233,NA,173288,NA,-35.54768653315931,-92055,NA,NA,31.368695020891096,66.9163815540504,NA,NA
House,OK,5,96799,NA,152699,NA,-21.59752111457118,-55900,NA,NA,37.39925664345931,58.99677775803049,NA,NA
House,OH,3,182324,NA,76455,NA,40.90812490098417,105869,NA,NA,70.45058482130781,29.54245992032365,NA,NA
House,GA,14,88189,NA,170162,NA,-31.729313995300966,-81973,NA,NA,34.135343002349515,65.86465699765048,NA,NA
House,OH,2,65745,NA,192117,NA,-49.00760872094376,-126372,NA,NA,25.49619563952812,74.50380436047188,NA,NA
House,NC,1,134996,NA,122780,NA,4.738998199987586,12216,NA,NA,52.369499099993796,47.630500900006204,NA,NA
House,NC,14,148738,NA,109014,NA,15.411713585151618,39724,NA,NA,57.70585679257581,42.29414320742419,NA,NA
House,KY,4,79977,NA,167541,NA,-33.98840968990292,-87564,NA,NA,31.043477248291147,65.03188693819406,NA,NA
House,CA,48,101900,NA,155171,NA,-20.722290729020386,-53271,NA,NA,39.63885463548981,60.36114536451019,NA,NA
House,MD,6,140295,NA,115771,NA,9.564817198262077,24524,NA,NA,54.71766550441111,45.15284830614903,NA,NA
House,NY,2,93299,NA,130798,NA,-14.641355318077284,-37499,NA,NA,36.42827301584823,51.06962833392551,NA,NA
House,TX,4,79179,NA,170781,NA,-35.78077333218754,-91602,NA,NA,30.928209555132828,66.70898288732037,NA,NA
House,MO,4,67069,NA,181890,NA,-45.01389765523622,-114821,NA,NA,26.293422821949278,71.3073204771855,NA,NA
House,WI,4,191955,NA,57660,NA,52.66222765987483,134295,NA,NA,75.27292833278435,22.61070067290951,NA,NA
House,UT,4,82181,NA,155110,NA,-28.705536902845402,-72929,NA,NA,32.347210687281304,61.0527475901267,NA,NA
House,SC,7,89030,NA,164440,NA,-29.704764343253302,-75410,NA,NA,35.06982057392709,64.77458491718039,NA,NA
House,CT,5,123818,NA,123342,NA,0.18764388659371156,476,NA,NA,48.810274685420545,48.62263079882683,NA,NA
House,NV,3,131086,NA,121083,NA,3.966784180450412,10003,NA,NA,51.98339209022521,48.01660790977479,NA,NA
House,WI,6,NA,NA,239231,NA,NA,NA,NA,NA,NA,94.93331322743344,NA,NA
House,MO,7,67485,NA,178592,NA,-44.0993542292625,-111107,NA,NA,26.78539534108364,70.88474957034614,NA,NA
House,TX,10,86404,NA,159469,NA,-29.0012979435335,-73065,NA,NA,34.29587555619064,63.29717349972414,NA,NA
House,MA,3,154496,NA,88585,NA,26.218728743103316,65911,NA,NA,61.45694521239991,35.23821646929659,NA,NA
House,CA,10,198415,NA,NA,NA,NA,NA,NA,NA,78.93030471795687,NA,NA,NA
House,NY,26,141942,NA,70547,NA,28.41026661360923,71395,NA,NA,56.48308794269797,28.07282132908874,NA,NA
House,OH,15,108139,NA,143112,NA,-13.919546588869299,-34973,NA,NA,43.04022670556535,56.95977329443465,NA,NA
House,NY,12,184872,NA,40994,NA,57.30410470053131,143878,NA,NA,73.63130182652402,16.32719712599272,NA,NA
House,IL,9,179615,NA,70915,NA,43.388017403105415,108700,NA,NA,71.6940087015527,28.305991298447292,NA,NA
House,IL,13,141788,NA,108646,NA,13.232980634857256,33142,NA,NA,56.613296067079254,43.380315432222,NA,NA
House,NC,3,82378,NA,166520,NA,-33.805816037091496,-84142,NA,NA,33.09709198145425,66.90290801854574,NA,NA
House,VA,9,66027,NA,182207,NA,-46.69764301102929,-116180,NA,NA,26.539036624971864,73.23667963600116,NA,NA
House,FL,15,102835,NA,145219,NA,-17.086602110830707,-42384,NA,NA,41.456698944584645,58.543301055415355,NA,NA
House,MT,1,115265,NA,123102,NA,-3.160590417809324,-7837,NA,NA,46.48532021293757,49.6459106307469,NA,NA
House,KY,6,83005,NA,154762,NA,-29.072839096014068,-71757,NA,NA,33.63004318971874,62.702882285732805,NA,NA
House,CA,26,134575,NA,112214,NA,9.060776614841018,22361,NA,NA,54.53038830742051,45.46961169257949,NA,NA
House,AR,2,86887,NA,147975,NA,-24.787580240701818,-61088,NA,NA,35.25599928584761,60.04357952654943,NA,NA
House,CA,1,93386,NA,152839,NA,-24.145801604223777,-59453,NA,NA,37.92709919788811,62.07290080211189,NA,NA
House,SC,2,98081,NA,147699,NA,-20.15959305396423,-49618,NA,NA,39.84991427155197,60.009507325516196,NA,NA
House,KY,1,61701,NA,184157,NA,-49.80761252430265,-122456,NA,NA,25.096193737848676,74.90380626215132,NA,NA
House,MO,8,53738,NA,186472,NA,-54.08993663277573,-132734,NA,NA,21.898571690539743,75.98850832331547,NA,NA
House,VA,4,159044,NA,85503,NA,30.01943031619166,73541,NA,NA,64.92174807533738,34.90231775914572,NA,NA
House,WV,2,84278,NA,160493,NA,-31.12264482248883,-76215,NA,NA,34.41519727546695,65.53784209795579,NA,NA
House,LA,1,61467,NA,177670,NA,-47.61559390929504,-116203,NA,NA,25.18685155135959,72.80244546065464,NA,NA
House,CT,1,144873,NA,91506,NA,21.879522616670698,53367,NA,NA,59.39535818099076,37.515835564320064,NA,NA
House,CT,3,137924,NA,98704,NA,16.163131410956478,39220,NA,NA,56.840482833369734,40.67735142241326,NA,NA
House,IL,10,152566,NA,89599,NA,26.00169306051659,62967,NA,NA,63.00084653025829,36.99915346974171,NA,NA
House,CA,32,167411,NA,74618,NA,38.33962045870536,92793,NA,NA,69.16981022935268,30.83018977064732,NA,NA
House,SC,5,83299,NA,154725,NA,-29.550654304591923,-71426,NA,NA,34.4628000016549,64.01345430624681,NA,NA
House,GA,2,132675,NA,108665,NA,9.948620203861772,24010,NA,NA,54.97431010193088,45.02568989806912,NA,NA
House,TX,22,85653,NA,150014,NA,-26.682005679580456,-64361,NA,NA,35.508985759592065,62.19099143917252,NA,NA
House,CA,16,139235,NA,NA,NA,NA,NA,NA,NA,57.772180891011466,NA,NA,NA
House,IN,5,93434,NA,146575,NA,-22.14125303634447,-53141,NA,NA,38.92937348182777,61.07062651817223,NA,NA
House,CA,12,217110,NA,22859,NA,80.94837249811434,194251,NA,NA,90.47418624905717,9.525813750942831,NA,NA
House,WA,9,171746,NA,67631,NA,43.408742203395484,104115,NA,NA,71.60618391648043,28.197441713084952,NA,NA
House,ND,0,NA,NA,148399,NA,NA,NA,NA,NA,NA,62.19937464897354,NA,NA
House,KS,1,77092,NA,161333,NA,-35.332284785571986,-84241,NA,NA,32.33385760721401,67.66614239278599,NA,NA
House,TX,12,85026,NA,152953,NA,-28.54327482677043,-67927,NA,NA,35.728362586614786,64.27163741338522,NA,NA
House,FL,27,101404,NA,136038,NA,-14.58629896985369,-34634,NA,NA,42.70685051507316,57.29314948492684,NA,NA
House,IL,1,159142,NA,78258,NA,34.067179109192374,80884,NA,NA,67.02832473412657,32.96114562493419,NA,NA
House,KY,2,66769,NA,170487,NA,-43.71564891931079,-103718,NA,NA,28.142175540344606,71.85782445965539,NA,NA
House,CA,41,112769,NA,123869,NA,-4.690709015458211,-11100,NA,NA,47.654645492270895,52.345354507729105,NA,NA
House,IL,14,128141,NA,108451,NA,8.322062552831783,19690,NA,NA,54.15934065934066,45.837278106508876,NA,NA
House,CO,8,114377,NA,112745,NA,0.690060507143733,1632,NA,NA,48.36216337351639,47.67210286637266,NA,NA
House,NJ,2,94522,NA,139217,NA,-18.899798717883662,-44695,NA,NA,39.969723110231556,58.86952182811522,NA,NA
House,CT,4,140262,NA,93329,NA,19.879788549838192,46933,NA,NA,59.4119042374748,39.532115687636605,NA,NA
House,LA,6,NA,NA,189684,NA,NA,NA,NA,NA,NA,80.39910481163744,NA,NA
House,GA,7,143063,NA,91962,NA,21.741498219444434,51101,NA,NA,60.86777088057727,39.12627266113283,NA,NA
House,TX,1,51438,NA,183224,NA,-56.15992363484501,-131786,NA,NA,21.920038182577496,78.0799618174225,NA,NA
House,MI,13,166650,NA,56187,NA,47.11700875262323,110463,NA,NA,71.08307314326662,23.966064390643396,NA,NA
House,FL,25,129113,NA,105239,NA,10.187239707789992,23874,NA,NA,55.09361985389499,44.90638014610501,NA,NA
House,OK,1,80974,NA,142800,NA,-26.478511317158826,-61826,NA,NA,34.67911518447932,61.15762650163815,NA,NA
House,KS,2,98852,NA,134506,NA,-15.278670540542857,-35654,NA,NA,42.36066472972857,57.63933527027143,NA,NA
House,IL,17,121186,NA,111931,NA,3.970007249391952,9255,NA,NA,51.98371675038499,48.01370950099304,NA,NA
House,CA,51,144186,NA,88886,NA,23.726573762614127,55300,NA,NA,61.86328688130706,38.13671311869294,NA,NA
House,NC,9,101202,NA,131453,NA,-13.002514452730438,-30251,NA,NA,43.49874277363478,56.50125722636522,NA,NA
House,OK,2,54194,NA,167843,NA,-49.055992955557855,-113649,NA,NA,23.392554991539765,72.44854794709762,NA,NA
House,PA,14,NA,NA,230865,NA,NA,NA,NA,NA,NA,100,NA,NA
House,NM,3,134217,NA,96565,NA,16.314963905330572,37652,NA,NA,58.157481952665286,41.842518047334714,NA,NA
House,MO,5,140688,NA,84008,NA,24.584155624471386,56680,NA,NA,61.0214482444536,36.437292619982216,NA,NA
House,TX,2,78496,NA,151791,NA,-31.827675900072517,-73295,NA,NA,34.08616204996374,65.91383795003625,NA,NA
House,CA,20,74934,NA,153847,NA,-34.492811903086356,-78913,NA,NA,32.75359404845682,67.24640595154318,NA,NA
House,KS,4,83851,NA,144889,NA,-26.684445221649035,-61038,NA,NA,36.657777389175486,63.342222610824514,NA,NA
House,WV,1,65428,NA,151511,NA,-37.88931143153929,-86083,NA,NA,28.79804221905315,66.68735365059244,NA,NA
House,WA,4,70710,NA,150619,NA,-35.257029654043514,-79909,NA,NA,31.198295146196507,66.45532480024002,NA,NA
House,CA,28,150062,NA,76495,NA,32.471740003619395,73567,NA,NA,66.2358700018097,33.7641299981903,NA,NA
House,IN,9,75700,NA,143166,NA,-29.94815248850299,-67466,NA,NA,33.60322448907118,63.55137697757417,NA,NA
House,TX,8,68715,NA,153127,NA,-37.521780875502294,-84412,NA,NA,30.544344084492018,68.06612495999431,NA,NA
House,LA,3,23641,NA,144423,NA,-53.78798674694503,-120782,NA,NA,10.528073675585166,64.3160604225302,NA,NA
House,OK,4,74667,NA,149879,NA,-33.49514130734905,-75212,NA,NA,33.25242934632548,66.74757065367453,NA,NA
House,NV,1,115700,NA,103115,NA,5.609563670887769,12585,NA,NA,51.571435575821596,45.96187190493383,NA,NA
House,FL,18,NA,NA,167429,NA,NA,NA,NA,NA,NA,74.66708884468903,NA,NA
House,NC,12,140494,NA,83414,NA,25.492613037497545,57080,NA,NA,62.746306518748774,37.253693481251226,NA,NA
House,NJ,1,139559,NA,78794,NA,27.141287452430724,60765,NA,NA,62.335405835164636,35.19411838273392,NA,NA
House,AR,3,73541,NA,142401,NA,-30.797717229905004,-68860,NA,NA,32.891300069771184,63.68901729967619,NA,NA
House,LA,5,35149,NA,151080,NA,-51.858395995580466,-115931,NA,NA,15.72289345255935,67.58128944813981,NA,NA
House,NE,1,93929,NA,129236,NA,-15.821029283265744,-35307,NA,NA,42.08948535836713,57.91051464163287,NA,NA
House,NV,4,116617,NA,105870,NA,4.830394584852149,10747,NA,NA,52.41519729242607,47.58480270757393,NA,NA
House,NY,16,127024,NA,74156,NA,23.857723705645835,52868,NA,NA,57.32207565986904,33.464351954223204,NA,NA
House,TN,5,93648,NA,123558,NA,-13.517116709976273,-29910,NA,NA,42.321997514405155,55.839114224381426,NA,NA
House,MO,1,160999,NA,53767,NA,48.530489957367465,107232,NA,NA,72.86407371536671,24.333583757999257,NA,NA
House,CA,7,150618,NA,70033,NA,36.52147508962117,80585,NA,NA,68.26073754481058,31.739262455189415,NA,NA
House,NE,3,34836,NA,172700,NA,-62.50861474844935,-137864,NA,NA,15.794914577968008,78.30352932641735,NA,NA
House,NE,2,106807,NA,112663,NA,-2.6682462295530143,-5856,NA,NA,48.66587688522349,51.33412311477651,NA,NA
House,CA,45,103466,NA,113960,NA,-4.826469695436608,-10494,NA,NA,47.58676515228169,52.41323484771831,NA,NA
House,TX,17,72801,NA,144408,NA,-32.96686601383921,-71607,NA,NA,33.516566993080396,66.4834330069196,NA,NA
House,HI,2,128407,NA,72874,NA,25.59301334193608,55533,NA,NA,59.177823351844594,33.584810009908516,NA,NA
House,AR,4,56745,NA,153850,NA,-44.81162550300883,-97105,NA,NA,26.186454756894452,70.99808025990328,NA,NA
House,CA,6,121058,NA,95325,NA,11.892339046967646,25733,NA,NA,55.946169523483825,44.053830476516175,NA,NA
House,KY,5,38549,NA,177712,NA,-64.34688121329819,-139163,NA,NA,17.824478660933092,82.17135987423129,NA,NA
House,IN,8,68109,NA,141995,NA,-34.20014812071839,-73886,NA,NA,31.52610627661544,65.72625439733383,NA,NA
House,OH,11,167722,NA,47988,NA,55.50693060127023,119734,NA,NA,77.75346530063511,22.246534699364886,NA,NA
House,MT,2,43480,NA,121979,NA,-36.3973997551838,-78499,NA,NA,20.16024333246782,56.55764308765162,NA,NA
House,TX,13,52910,NA,161767,NA,-50.70734172733921,-108857,NA,NA,24.646329136330394,75.3536708636696,NA,NA
House,IN,1,112656,NA,100542,NA,5.681802192235715,12114,NA,NA,52.83879047123218,47.156988278996465,NA,NA
House,TX,14,63606,NA,149543,NA,-40.31780585412083,-85937,NA,NA,29.841097072939586,70.15890292706041,NA,NA
House,AL,5,62740,NA,142435,NA,-37.53585440638291,-79695,NA,NA,29.550153779490103,67.08600818587301,NA,NA
House,TX,5,71930,NA,135595,NA,-30.03561908805699,-63665,NA,NA,33.93484773429576,63.97046682235275,NA,NA
House,FL,28,76665,NA,134457,NA,-27.3701160312574,-57792,NA,NA,36.30831162680559,63.678427658062986,NA,NA
House,CA,30,150100,NA,NA,NA,NA,NA,NA,NA,71.11452233403453,NA,NA,NA
House,SC,6,130923,NA,79879,NA,24.188259377902458,51044,NA,NA,62.04058229239722,37.852322914494756,NA,NA
House,TN,8,51102,NA,155602,NA,-49.68737370135273,-104500,NA,NA,24.297838955851937,73.98521265720467,NA,NA
House,TX,36,64016,NA,145599,NA,-38.920401688810436,-81583,NA,NA,30.539799155594782,69.46020084440522,NA,NA
House,IL,2,140414,NA,68761,NA,34.25504959961754,71653,NA,NA,67.12752479980877,32.872475200191225,NA,NA
House,TX,23,80947,NA,116649,NA,-17.10062459286508,-35702,NA,NA,38.772176878568416,55.8728014714335,NA,NA
House,AR,1,54598,NA,153774,NA,-47.59564624805636,-99176,NA,NA,26.20217687597182,73.79782312402818,NA,NA
House,VA,3,139659,NA,67668,NA,34.63603560259803,71991,NA,NA,67.19220591772913,32.556170315131105,NA,NA
House,TN,2,66673,NA,141089,NA,-35.81790702823423,-74416,NA,NA,32.091046485882885,67.90895351411712,NA,NA
House,IL,8,117880,NA,89335,NA,13.775547137031586,28545,NA,NA,56.88777356851579,43.11222643148421,NA,NA
House,TX,27,73611,NA,133416,NA,-28.88753640829457,-59805,NA,NA,35.55623179585272,64.44376820414729,NA,NA
House,LA,2,158120,NA,46927,NA,54.22805503128551,111193,NA,NA,77.11402751564276,22.885972484357247,NA,NA
House,AZ,8,NA,NA,197555,NA,NA,NA,NA,NA,NA,96.50339743934191,NA,NA
House,HI,1,143546,NA,51217,NA,45.62205378054927,92329,NA,NA,70.9296465030784,25.30759272252913,NA,NA
House,FL,9,108541,NA,93827,NA,7.270912397216951,14714,NA,NA,53.63545619860847,46.36454380139153,NA,NA
House,NY,10,160582,NA,26711,NA,66.22982125453295,133871,NA,NA,79.44451865374435,13.214697399211403,NA,NA
House,FL,26,58868,NA,143240,NA,-41.74599718962139,-84372,NA,NA,29.127001405189304,70.8729985948107,NA,NA
House,IN,3,60577,NA,131579,NA,-35.229381468874976,-71002,NA,NA,30.056762362187534,65.2861438310625,NA,NA
House,RI,2,101432,NA,93969,NA,3.7112920149784423,7463,NA,NA,50.44134686631293,46.730054851334486,NA,NA
House,FL,10,117955,NA,78844,NA,19.564303936771548,39111,NA,NA,59.004051823320495,39.43974788654895,NA,NA
House,TN,3,60334,NA,136639,NA,-38.184957213631584,-76305,NA,NA,30.19266376419957,68.37762097783116,NA,NA
House,AL,2,58014,NA,137460,NA,-39.93043862867597,-79446,NA,NA,29.15847829474118,69.08891692341716,NA,NA
House,CA,14,137612,NA,60852,NA,38.67703966462432,76760,NA,NA,69.33851983231216,30.66148016768784,NA,NA
House,NJ,12,125127,NA,71175,NA,27.21728119781866,53952,NA,NA,63.12308615879774,35.90580496097908,NA,NA
House,WY,0,47250,NA,132206,NA,-42.864206500570134,-84956,NA,NA,23.839796567069293,66.70400306763943,NA,NA
House,OK,3,50354,NA,147418,NA,-49.07873713164654,-97064,NA,NA,25.46063143417673,74.53936856582327,NA,NA
House,IN,4,62834,NA,134864,NA,-36.43435947758703,-72030,NA,NA,31.782820261206485,68.21717973879352,NA,NA
House,AZ,9,NA,NA,192796,NA,NA,NA,NA,NA,NA,97.7741714633466,NA,NA
House,CA,27,91892,NA,104624,NA,-6.4788617720694495,-12732,NA,NA,46.760569113965275,53.239430886034725,NA,NA
House,AZ,7,126418,NA,69444,NA,29.088848270721222,56974,NA,NA,64.54442413536061,35.455575864639385,NA,NA
House,AL,4,26694,NA,164655,NA,-70.48428215988106,-137961,NA,NA,13.6379660047105,84.12224816459157,NA,NA
House,TN,6,65675,NA,129388,NA,-32.66278074263187,-63713,NA,NA,33.66860962868407,66.33139037131593,NA,NA
House,CA,15,108077,NA,NA,NA,NA,NA,NA,NA,55.4599382164886,NA,NA,NA
House,SC,3,NA,NA,189971,NA,NA,NA,NA,NA,NA,97.63682806613592,NA,NA
House,IN,2,62891,NA,125313,NA,-32.16418564148542,-62422,NA,NA,32.40584728426932,64.57003292575475,NA,NA
House,AL,7,123233,NA,67416,NA,28.780550685779108,55817,NA,NA,63.5418170568217,34.76126637104259,NA,NA
House,IN,6,62838,NA,130686,NA,-35.05921746140014,-67848,NA,NA,32.47039126929993,67.52960873070006,NA,NA
House,NM,2,96986,NA,95636,NA,0.7006690091502182,1350,NA,NA,50.33709964551338,49.636430636363166,NA,NA
House,CA,8,145501,NA,46634,NA,51.45704842948968,98867,NA,NA,75.72852421474484,24.27147578525516,NA,NA
House,NY,11,71801,NA,107989,NA,-18.938367097020667,-36188,NA,NA,37.57581783832157,56.514184935342236,NA,NA
House,AL,3,47859,NA,135602,NA,-46.0820562377236,-87743,NA,NA,25.13523733495793,71.21729357268153,NA,NA
House,MA,7,151825,NA,27129,NA,65.68824737923406,124696,NA,NA,79.97945530211241,14.291207922878366,NA,NA
House,TX,19,NA,NA,152321,NA,NA,NA,NA,NA,NA,80.30377317707098,NA,NA
House,FL,20,136215,NA,52151,NA,44.62801142456706,84064,NA,NA,72.31400571228353,27.68599428771647,NA,NA
House,TN,1,37049,NA,147241,NA,-58.61183066227667,-110192,NA,NA,19.70660042658894,78.31843108886561,NA,NA
House,MS,3,54803,NA,132481,NA,-41.476047072894644,-77678,NA,NA,29.261976463552678,70.73802353644732,NA,NA
House,PA,2,141229,NA,45454,NA,51.3035466539535,95775,NA,NA,75.65177332697675,24.34822667302325,NA,NA
House,FL,24,133442,NA,52449,NA,43.570156704735574,80993,NA,NA,71.78507835236779,28.214921647632213,NA,NA
House,TX,25,NA,NA,185270,NA,NA,NA,NA,NA,NA,100,NA,NA
House,NJ,6,106238,NA,75839,NA,16.439089547315312,30399,NA,NA,57.45110021144393,41.01201066412862,NA,NA
House,MD,7,151640,NA,32737,NA,64.34110205031358,118903,NA,NA,82.05583303120655,17.71473098089296,NA,NA
House,AL,6,NA,NA,154233,NA,NA,NA,NA,NA,NA,83.72990667904432,NA,NA
House,TX,31,NA,NA,183185,NA,NA,NA,NA,NA,NA,100,NA,NA
House,SC,4,NA,NA,165607,NA,NA,NA,NA,NA,NA,90.81073670934664,NA,NA
House,TX,7,115994,NA,65835,NA,27.585808644385658,50159,NA,NA,63.79290432219283,36.20709567780717,NA,NA
House,TN,7,68973,NA,108421,NA,-21.815929477607813,-39448,NA,NA,38.14414175266284,59.96007123027065,NA,NA
House,TX,30,134876,NA,39209,NA,52.99729105382992,95667,NA,NA,74.71816434273431,21.7208732889044,NA,NA
House,CA,17,127853,NA,52400,NA,41.859497484091804,75453,NA,NA,70.9297487420459,29.070251257954098,NA,NA
House,MS,2,108285,NA,71884,NA,20.203808646326504,36401,NA,NA,60.101904323163254,39.898095676836746,NA,NA
House,TX,35,129599,NA,48969,NA,45.153666950405444,80630,NA,NA,72.57683347520272,27.423166524797278,NA,NA
House,IL,3,121764,NA,55995,NA,36.99897051626078,65769,NA,NA,68.49948525813039,31.50051474186961,NA,NA
House,TX,32,116005,NA,61494,NA,30.710595552651,54511,NA,NA,65.3552977763255,34.6447022236745,NA,NA
House,IN,7,117309,NA,53631,NA,36.350039958899416,63678,NA,NA,66.96483616851239,30.61479620961297,NA,NA
House,CA,9,95598,NA,78802,NA,9.630733944954128,16796,NA,NA,54.815366972477065,45.184633027522935,NA,NA
House,CA,38,101260,NA,73051,NA,16.183143920922948,28209,NA,NA,58.09157196046147,41.90842803953853,NA,NA
House,MS,4,42876,NA,127813,NA,-48.74209505445948,-84937,NA,NA,24.604896188410287,73.34699124286976,NA,NA
House,TN,4,44648,NA,122401,NA,-44.830687800181046,-77753,NA,NA,25.743065205233023,70.57375300541408,NA,NA
House,CA,23,65908,NA,103197,NA,-22.050796842198633,-37289,NA,NA,38.97460157890068,61.02539842109932,NA,NA
House,TX,20,115352,NA,53226,NA,36.8483798836292,62126,NA,NA,68.4179621468692,31.569582263239994,NA,NA
House,AL,1,NA,NA,140592,NA,NA,NA,NA,NA,NA,83.61106155218555,NA,NA
House,IL,7,167650,NA,NA,NA,NA,NA,NA,NA,99.94277061748119,NA,NA,NA
House,NY,9,99771,NA,NA,NA,NA,NA,NA,NA,59.55304328102523,NA,NA,NA
House,MS,1,45238,NA,122151,NA,-45.94865851400032,-76913,NA,NA,27.02567074299984,72.97432925700016,NA,NA
House,TX,28,93803,NA,71778,NA,13.301646928089575,22025,NA,NA,56.65082346404479,43.34917653595521,NA,NA
House,TX,9,125446,NA,38161,NA,53.3504067674366,87285,NA,NA,76.6752033837183,23.3247966162817,NA,NA
House,MD,4,144168,NA,15441,NA,80.4498496959546,128727,NA,NA,90.09993187883181,9.650082182877213,NA,NA
House,RI,1,100318,NA,56055,NA,28.2408411703906,44263,NA,NA,64.00525731494123,35.76441614455064,NA,NA
House,TX,18,110511,NA,40941,NA,44.51967133386234,69570,NA,NA,70.71889318350526,26.19922184964292,NA,NA
House,CA,31,91472,NA,62153,NA,19.084784377542718,29319,NA,NA,59.54239218877136,40.45760781122864,NA,NA
House,NY,7,95645,NA,26351,NA,45.12591415565556,69294,NA,NA,62.28631713305157,17.160402977396014,NA,NA
House,CA,25,87641,NA,65101,NA,14.756910345550013,22540,NA,NA,57.378455172775006,42.621544827224994,NA,NA
House,TX,15,68097,NA,80978,NA,-8.480535127626096,-12881,NA,NA,44.833398073593216,53.313933201219314,NA,NA
House,CA,18,99776,NA,51737,NA,31.706190227901235,48039,NA,NA,65.85309511395062,34.146904886049384,NA,NA
House,TX,11,NA,NA,151066,NA,NA,NA,NA,NA,NA,100,NA,NA
House,CA,52,100686,NA,50330,NA,33.344811145838854,50356,NA,NA,66.67240557291943,33.32759442708058,NA,NA
House,TX,16,95510,NA,54986,NA,26.92696151392728,40524,NA,NA,63.46348075696364,36.53651924303636,NA,NA
House,NJ,9,82457,NA,65365,NA,11.395882227437593,17092,NA,NA,54.97719756774056,43.581315340302965,NA,NA
House,TX,6,NA,NA,149321,NA,NA,NA,NA,NA,NA,100,NA,NA
House,CA,42,99217,NA,45903,NA,36.73787210584344,53314,NA,NA,68.36893605292173,31.63106394707828,NA,NA
House,NY,8,99079,NA,36776,NA,43.123425344001774,62303,NA,NA,68.57817215316038,25.454746809158614,NA,NA
House,NY,5,104396,NA,31405,NA,50.57720557665124,72991,NA,NA,72.33847944787827,21.76127387122703,NA,NA
House,NY,13,116589,NA,NA,NA,NA,NA,NA,NA,81.64781680030814,NA,NA,NA
House,AZ,3,108599,NA,32475,NA,53.96033287494507,76124,NA,NA,76.98016643747253,23.019833562527467,NA,NA
House,CA,44,100160,NA,38554,NA,44.41224389751575,61606,NA,NA,72.20612194875788,27.793878051242125,NA,NA
House,NY,6,85049,NA,44264,NA,29.62045725241844,40785,NA,NA,61.76756819568312,32.14711094326468,NA,NA
House,TX,34,70896,NA,59464,NA,8.503484851865903,11432,NA,NA,52.734697520808695,44.23121266894279,NA,NA
House,TN,9,93800,NA,35123,NA,43.81561851282128,58677,NA,NA,70.04286204991114,26.227243537089862,NA,NA
House,CA,13,66496,NA,67060,NA,-0.4222947677378777,-564,NA,NA,49.78885261613106,50.21114738386894,NA,NA
House,IL,4,91036,NA,37352,NA,40.34965087525461,53684,NA,NA,68.42394041203484,28.074289536780235,NA,NA
House,CA,33,76588,NA,56119,NA,15.424205203945535,20469,NA,NA,57.71210260197277,42.28789739802723,NA,NA
House,CA,37,84338,NA,NA,NA,NA,NA,NA,NA,63.95056111616621,NA,NA,NA
House,CA,39,75896,NA,55701,NA,15.346094515832428,20195,NA,NA,57.67304725791622,42.32695274208378,NA,NA
House,CA,35,75121,NA,55832,NA,14.729712186815117,19289,NA,NA,57.36485609340756,42.63514390659244,NA,NA
House,NJ,10,100710,NA,25993,NA,57.60444694580863,74717,NA,NA,77.64422891594131,20.039781970132683,NA,NA
House,CA,46,78041,NA,48257,NA,23.58232117689908,29784,NA,NA,61.79116058844954,38.20883941155046,NA,NA
House,CA,21,68074,NA,57573,NA,8.357541365890153,10501,NA,NA,54.17877068294508,45.82122931705492,NA,NA
House,CA,43,95462,NA,27985,NA,54.66070459387429,67477,NA,NA,77.33035229693715,22.669647703062854,NA,NA
House,NY,14,74050,NA,31935,NA,34.35659395343525,42115,NA,NA,60.40854285294741,26.051948899512162,NA,NA
House,CA,34,62244,NA,NA,NA,NA,NA,NA,NA,51.243547630220554,NA,NA,NA
House,CA,29,69915,NA,NA,NA,NA,NA,NA,NA,58.53811696738812,NA,NA,NA
House,TX,33,82081,NA,29203,NA,46.37200736648251,52878,NA,NA,71.98193457861966,25.60992721213716,NA,NA
House,NJ,8,78382,NA,24957,NA,50.177040188592414,53425,NA,NA,73.6167854761301,23.439745287537686,NA,NA
House,CA,22,49862,NA,52994,NA,-3.0450338337092635,-3132,NA,NA,48.477483083145366,51.522516916854634,NA,NA
House,NY,15,76406,NA,15882,NA,59.493571344316436,60524,NA,NA,75.10517831164235,15.611606967325915,NA,NA
House,TX,29,71837,NA,28765,NA,42.814258165841636,43072,NA,NA,71.40712908292082,28.592870917079182,NA,NA
House,FL,5,NA,NA,1,NA,NA,NA,NA,NA,NA,100,NA,NA
House,LA,4,NA,NA,1,NA,NA,NA,NA,NA,NA,100,NA,NA
