"","GEOID","NAME","total_populationE","median_household_incomeE","median_household_income_whiteE","median_household_income_hispanicOrLatinoE","median_household_income_blackE","median_household_income_americanIndianAlaskaNativeE","median_household_income_asianE","median_household_income_nativeHawaiianAndOtherPacificIslanderE","median_household_income_someOtherRaceE","median_household_income_twoOrMoreRacesE","proportion_white","proportion_black","proportion_asian","proportion_americanIndianAlaskaNative","proportion_nativeHawaiianAndOtherPacificIslander","proportion_someOtherRace","proportion_twoOrMoreRaces","proportion_hispanicOrLatino","proportion_less_than_hs_white","proportion_hsGrad_white","proportion_someCollegeOrAssociatesDegree_white","proportion_bachelorsDegreeOrHigher_white","proportion_less_than_hs_black","proportion_hsGrad_black","proportion_someCollegeOrAssociatesDegree_black","proportion_bachelorsDegreeOrHigher_black","proportion_less_than_hs_asian","proportion_hsGrad_asian","proportion_someCollegeOrAssociatesDegree_asian","proportion_bachelorsDegreeOrHigher_asian","proportion_less_than_hs_americanIndianAlaskaNative","proportion_hsGrad_americanIndianAlaskaNative","proportion_someCollegeOrAssociatesDegree_americanIndianAlaskaNative","proportion_bachelorsDegreeOrHigher_americanIndianAlaskaNative","proportion_less_than_hs_nativeHawaiianAndOtherPacificIslander","proportion_hsGrad_nativeHawaiianAndOtherPacificIslander","proportion_someCollegeOrAssociatesDegree_nativeHawaiianAndOtherPacificIslander","proportion_bachelorsDegreeOrHigher_nativeHawaiianAndOtherPacificIslander","proportion_less_than_hs_someOtherRace","proportion_hsGrad_someOtherRace","proportion_someCollegeOrAssociatesDegree_someOtherRace","proportion_bachelorsDegreeOrHigher_someOtherRace","proportion_less_than_hs_twoOrMoreRaces","proportion_hsGrad_twoOrMoreRaces","proportion_someCollegeOrAssociatesDegree_twoOrMoreRaces","proportion_bachelorsDegreeOrHigher_twoOrMoreRaces","proportion_less_than_hs_hispanicOrLatino","proportion_hsGrad_hispanicOrLatino","proportion_someCollegeOrAssociatesDegree_hispanicOrLatino","proportion_bachelorsDegreeOrHigher_hispanicOrLatino"
"1","01","Alabama",5028092,59609,69042,51086,40661,58020,78324,64223,46422,57956,0.662082555370904,0.26378614392895,0.0138835964019751,0.00420079823519538,0.000448082493319534,0.0186798491356165,0.0369189744340398,0.0462217079560199,0.0749784020003533,0.208788974025927,0.215041279514763,0.213344079264358,0.0965264588819919,0.22386701459127,0.200468054595311,0.123928160254414,0.0932128122851249,0.106979142791657,0.12411184964474,0.37591680036672,0.144777956632895,0.193021494176688,0.212006438784206,0.121058611873876,0.129161118508655,0.201952951620062,0.173546382600976,0.0781180648024856,0.195317490737192,0.1397193475576,0.0967590818108258,0.0681827860823645,0.0826797103947595,0.132611834166523,0.152910058610584,0.123200741251508,0.166754873992608,0.131790350548822,0.103409105577715,0.0901177675371224
"2","02","Alaska",734821,86370,94315,73411,71857,56139,85546,71429,78575,84649,0.613036372123279,0.0318376856404485,0.0645926014634857,0.142833424738814,0.0152540550691937,0.01986470174369,0.112581159221089,0.0746984639796631,0.0293136976327053,0.175200678399545,0.250115434477615,0.265863361096805,0.0429151528104296,0.199529814062834,0.259457148963454,0.151784569352426,0.0815354795213214,0.232386650935446,0.19964604753076,0.18487695937974,0.0873881684880475,0.275484245929285,0.166572977505073,0.0430366721609802,0.0444285841734321,0.289231867249532,0.159068605584798,0.032206262824516,0.093786394464616,0.20202781393437,0.221278344865383,0.131876412961567,0.0310781244333773,0.125714700158352,0.168590665683513,0.126971847159936,0.0606850063763891,0.139059938057934,0.205028238294771,0.125505556567681
"3","04","Arizona",7172282,72581,75939,62953,58184,46994,95989,85240,62291,67367,0.666691856232089,0.0456029196844184,0.0335516645887599,0.0414916758710826,0.0019681323182775,0.0765950083948177,0.134098742910555,0.320332217835272,0.0567659799795136,0.163195447980656,0.250625195798483,0.251904447412239,0.0570997043509632,0.151921413000608,0.242316029558789,0.180532412856911,0.0741308665985156,0.0866390738108892,0.132940218249516,0.418243698107562,0.122897274774018,0.20054101280285,0.205188346382607,0.0721865654087839,0.0955653159535279,0.226338906205724,0.206857466704449,0.153301218475489,0.178762234669006,0.189862403774567,0.166979454311464,0.084199642857793,0.111616416821066,0.138607643632628,0.165645658009927,0.121985581111964,0.146652053764222,0.161585592769225,0.163216051443452,0.0891772973645851
"4","05","Arkansas",3018669,56335,60756,54771,37395,51043,85002,45500,52070,54985,0.726594403029945,0.151289525284157,0.015706591216195,0.00557861759603322,0.00368274892013666,0.0297422473282099,0.0674058666253239,0.0806053926415914,0.0707954232524889,0.239670585789396,0.209967136997868,0.1847704969754,0.0816128121079149,0.232539145552921,0.194474187254895,0.112294254564883,0.0870436378208508,0.129120705291798,0.116571404467129,0.335182333959041,0.114251781472684,0.216923990498812,0.211104513064133,0.102019002375297,0.200233876045696,0.169650085454709,0.0990375101196366,0.0361608347575785,0.226916308391437,0.149863001492504,0.0968902452607427,0.0577509968590586,0.0906937427509878,0.181244962550866,0.138148970886001,0.109261043071419,0.191150784354823,0.15866283633554,0.0932965095491141,0.0631511460169899
"5","06","California",39356104,91905,97859,74517,64513,75076,118815,95021,70612,85219,0.481339819612226,0.0559655752510462,0.151161710518907,0.010015930438643,0.00382484506088306,0.162338197906988,0.135353921211307,0.396836282371853,0.0720253636308929,0.140192655484737,0.221224568008505,0.288036155632016,0.0648818866178725,0.165768253421999,0.265751137185501,0.19761171749402,0.0831956102533208,0.0981592957363893,0.148937425535405,0.405731689441963,0.174891168680934,0.173234598719393,0.207855135113195,0.110997798005013,0.0892042170715667,0.216101666766314,0.235612598069501,0.145564700958607,0.228043861017978,0.173715788654842,0.139606689561229,0.0746364180053871,0.120911514410636,0.125768279086759,0.163877512364833,0.146233444959577,0.190876255688174,0.156466317879514,0.152050687895259,0.0916771300678131
"6","08","Colorado",5770790,87598,91475,69500,61343,59896,101163,82946,67217,76085,0.76131846766214,0.0404991344339337,0.0321326889386029,0.00988114278980867,0.00140258092912755,0.0490653792634977,0.10570060598289,0.220725758518331,0.0360988471594609,0.138204296481388,0.2044305458472,0.338304492024303,0.0620592866433901,0.165768124871637,0.227921544464983,0.190606387348531,0.0946605475891302,0.105176588596297,0.127540702471539,0.37909518904606,0.10781803514433,0.192925537511838,0.22021325102592,0.133650170109782,0.0821596244131455,0.152952804546578,0.266617247343711,0.19372374598468,0.182382940249906,0.190022108735423,0.152469044238661,0.103557881799496,0.0786522748436004,0.135631565832098,0.158740671764135,0.167260679108686,0.132563226097183,0.168367403015634,0.153023877302039,0.111404642311515
"7","09","Connecticut",3611317,90213,98855,56787,59728,47349,116544,25465,51673,74307,0.698406149335547,0.106722007511387,0.0473359165091295,0.0025040726139522,0.00037244030363438,0.0647758144743317,0.079883599252018,0.17373384834397,0.0438059984949444,0.182930861806876,0.177682991523952,0.329105221464408,0.0793317194550177,0.216612568012517,0.193779562903632,0.166743209126975,0.0689988007838779,0.0839158793764076,0.0797215478662728,0.448600427037936,0.152383058719452,0.188322459360832,0.190534114784916,0.134910980869181,0.104089219330855,0.405947955390335,0.0691449814126394,0.145724907063197,0.185763874045638,0.203949112112377,0.132768482340569,0.0992279609791131,0.0771166611782242,0.144267466246079,0.129531864741668,0.164965249493041,0.145235636141076,0.181264822890368,0.138429857445235,0.112021204702522
"8","10","Delaware",993635,79325,86094,66548,58385,53632,115246,NA,66454,68683,0.638306822927936,0.219664162393635,0.0408298822002043,0.00333019670200828,0.000367338107051382,0.0329607954631228,0.0645408022060415,0.0993282241466937,0.0530726345065937,0.220850335202225,0.205782001879403,0.273798411967634,0.0590884517057169,0.227066973326125,0.202977101335068,0.165298305737036,0.0704214937145674,0.0962040916933695,0.0723933941335963,0.460956371703229,0.180417044424297,0.18706557872469,0.207313387730432,0.119975823511635,0.0821917808219178,0.145205479452055,0.142465753424658,0.293150684931507,0.21721474153461,0.163140056792159,0.0939513297303899,0.0869286434002015,0.0653048495244036,0.133743957586153,0.124169655387494,0.149243723686262,0.169044338169733,0.152437788765502,0.101128718489098,0.104908000324228
"9","11","District of Columbia",670587,101722,160745,94203,57076,60390,123660,NA,68955,108455,0.396120115659862,0.443046167014869,0.0403631445285996,0.00329412887514968,0.000626316943215422,0.0460477164036881,0.070502410574616,0.115075299700113,0.010947434994899,0.0191166007235547,0.039072705574985,0.71863812101659,0.080080511341261,0.204735090087209,0.182059299699429,0.222452970538638,0.0365389588798168,0.0362433960172904,0.044075811874238,0.678981785938597,0.110004526935265,0.122679945676777,0.243096423721141,0.291081937528293,0,0.102380952380952,0.15,0.607142857142857,0.179701415201269,0.101071925904336,0.0736098966935458,0.212992648725671,0.0401032192563137,0.0527729599390837,0.0917128474131731,0.437708870933627,0.11922040223927,0.0838041675305826,0.0772600041467966,0.351752021563342
"10","12","Florida",21634529,67917,72212,62425,51249,62507,87205,66269,57350,66644,0.638211721641825,0.155108900221493,0.0281952059136577,0.00273622781434253,0.000610135769537668,0.048328160968977,0.126809647670167,0.265237251062873,0.0625136792490409,0.204914390171654,0.228214560152845,0.262318928749128,0.0970802584730257,0.212797716607047,0.195576909552321,0.140694601556512,0.0921900359022279,0.120951163133822,0.141549861473139,0.377806193544156,0.172880382451813,0.164822541682856,0.193506427690592,0.139145564809028,0.0931060606060606,0.201969696969697,0.219090909090909,0.15719696969697,0.147983323721232,0.191161266195913,0.169703803809835,0.150246232390965,0.0945970919278417,0.177623058706374,0.17103650235268,0.198846933460472,0.124584827900611,0.188107139365556,0.174118111637227,0.184090606894083
"11","13","Georgia",10722325,71355,81445,63786,55010,51024,98644,53125,57802,69490,0.542794496529437,0.314665709162891,0.0434128792029714,0.00353654641134269,0.000691174721900334,0.0353150086385182,0.0595841853329385,0.100580517751514,0.0650219526774741,0.188111757023474,0.194865171402361,0.258033693704436,0.0729388834682692,0.19668797503696,0.203519141373845,0.171706854995987,0.0868595685808626,0.10101463628415,0.0975472999245951,0.399575068691499,0.197652953586498,0.150290084388186,0.128085443037975,0.0821466244725738,0.100931048441506,0.158548104169478,0.223181756847929,0.105653757927405,0.211456746043274,0.154484641854545,0.103811080682091,0.0913539622721235,0.0866718528176609,0.113440531178733,0.136127072177761,0.15985606083136,0.173985610923755,0.139509502928721,0.107276414358662,0.109599177343186
"12","15","Hawaii",1450589,94814,93896,83781,80207,61225,100945,77146,79084,96379,0.229765977820044,0.0197609384877453,0.371552521079368,0.00290226935403481,0.103955703510781,0.0168917591405974,0.255170830607429,0.109626503441016,0.0233426143728098,0.150640871777639,0.241830084969517,0.354531707551246,0.0226408512122798,0.112680969823827,0.309157509157509,0.218698761555904,0.0793272352821122,0.19384381319925,0.238308254633839,0.290047683544539,0.0897862232779097,0.175296912114014,0.176959619952494,0.216389548693587,0.0728263824877153,0.294395777104319,0.187238472913917,0.0839671876761474,0.0764396196384116,0.185161000693793,0.198914418642615,0.196710606864466,0.0274917060202946,0.176264629283422,0.184704496579746,0.150831559268185,0.0379001779616785,0.15799601315533,0.17716934028411,0.135722505549512
"13","16","Idaho",1854109,70214,71661,60878,54727,47393,73235,39340,57331,65535,0.849388574242399,0.00689333798606231,0.0134765539674313,0.0120257223280832,0.00146755126047066,0.0452438341003684,0.0715044261151852,0.130648198137218,0.0438166210435347,0.17612941857017,0.240104034710409,0.210721086776657,0.0713559189421798,0.146623894843909,0.156951725217119,0.118770049291918,0.0796414135350382,0.118501620842838,0.155480850042022,0.339976787929723,0.121810108983271,0.202134816343006,0.221105978382742,0.09391397945912,0.0242557883131202,0.187431091510474,0.174568173465638,0.1944138184491,0.21743535947167,0.163922896277135,0.125406797239143,0.0634186465125705,0.081394208648559,0.137248542356517,0.175211386590434,0.123784668532249,0.160095939497019,0.146188014993643,0.131487475024356,0.0735398536963952
"14","17","Illinois",12757634,78433,85060,70419,46717,70669,106279,69227,68631,73673,0.657540340160252,0.139101419589244,0.057853282199505,0.00437534107029564,0.000429233194807125,0.0660430452856697,0.0746573385002266,0.178379784213907,0.0480188788219905,0.182885130984583,0.205318275543207,0.281684235823628,0.079652655097895,0.187469324159461,0.232803919745521,0.156718255611812,0.0630860716651921,0.0735945457821808,0.10057298010625,0.472407126143691,0.176248230889124,0.174582131532274,0.157419516652036,0.116250738995682,0.12509130752374,0.154492330168006,0.212929145361578,0.172571219868517,0.202920172380847,0.184414511609359,0.125863892241794,0.0824327965125042,0.0950327103441542,0.13520170591453,0.141334304861877,0.14785642515993,0.164328049693633,0.170268189536073,0.134822894365875,0.100651930127996
"15","18","Indiana",6784403,67173,70740,59341,42067,56868,78490,61707,57548,59959,0.799809062050117,0.0944448612501351,0.0248951897462459,0.00183730241260727,0.000367018291808432,0.0276722948209297,0.0509742714281566,0.0753174597676465,0.0596257768058727,0.232758415746337,0.20119596913288,0.19983351230975,0.0819880390541114,0.213266599245886,0.198997428022074,0.123351936474642,0.101924818974653,0.0850330670992723,0.0754296946695954,0.348989632857507,0.118251103088648,0.217168070597673,0.194304051343763,0.120497392699559,0.11285140562249,0.21566265060241,0.203212851405622,0.0799196787148594,0.184803451581975,0.185463939490785,0.110967295195483,0.0761958027058698,0.0679871613220368,0.126484110690224,0.137717953907989,0.11947488650493,0.142869444053043,0.162879855337936,0.114299077857624,0.0906858140372301
"16","19","Iowa",3188836,70571,72363,58899,40592,45000,79307,53384,62382,58905,0.868536042618686,0.0378254008672757,0.0247551144053818,0.00317074945215119,0.00143688794281048,0.0171125137824586,0.0471632909312363,0.0654273220698713,0.0379904239536196,0.214814384216746,0.225877638765476,0.211980059351124,0.0864623318051053,0.184780175594226,0.176895845596465,0.100009119624603,0.125791740562452,0.101963516594882,0.10316696224981,0.297251076767165,0.111166056769855,0.193848284047077,0.204134111363861,0.082088814162793,0.125709297250109,0.183544303797468,0.137494543867307,0.0615451767786993,0.207608715571112,0.142315233924023,0.118070699481391,0.0885667686781872,0.0667437963775632,0.11259607968297,0.13446501236735,0.111385941115455,0.156352900012941,0.130465833001817,0.119858893676577,0.0751161107569607
"17","20","Kansas",2935922,69747,72357,57773,46145,57098,85774,75651,54903,59279,0.797525615462536,0.0557170796771849,0.0301482805060897,0.00749849621345526,0.000929520607155095,0.0348990879185482,0.0732819196150306,0.126014928189509,0.0421243379701581,0.173806403063371,0.217985857620395,0.24783757916491,0.0710779369242149,0.186537556317665,0.22833336389923,0.138628569332624,0.0967993402099127,0.110029035282953,0.104888547445008,0.333521629591134,0.10897115602998,0.174653645241881,0.210992505110152,0.109379968203498,0.0879443019421033,0.179919384389886,0.242579699523635,0.0608281421766215,0.214774401967578,0.164989605801232,0.113672519300026,0.0783908023540664,0.069235417150825,0.122128747385545,0.144810597257727,0.116923076923077,0.15576938670703,0.141897991729059,0.125642619671865,0.0767575749385085
"18","21","Kentucky",4502935,60183,62242,54128,44196,38021,81126,56250,51179,51684,0.847668687200681,0.0799887184691762,0.0153648675808112,0.00151478979820939,0.000845004424891765,0.0125145044287781,0.042103428097452,0.0400807473347939,0.0795588783538473,0.23290822602166,0.200897983414711,0.187446047246042,0.0768218466117318,0.204939697487951,0.224918375052751,0.12302323257002,0.107231127234885,0.0884703773830344,0.0975327734979115,0.35894026334427,0.122122855886234,0.17446122269462,0.209500073303035,0.102331036504911,0.122733245729304,0.138764783180026,0.172404730617608,0.0494086727989488,0.165637421919364,0.150127768313458,0.0946372799545713,0.0901653889835321,0.0740971258881053,0.127354435120181,0.139501764342868,0.112590920359304,0.136784481468963,0.141632637230512,0.113286163086419,0.109158304752301
"19","22","Louisiana",4640546,57852,70270,58003,37015,56544,73105,75293,50297,58821,0.594480477081792,0.31560553434876,0.0173175742682003,0.00537695348780079,0.000508776337956783,0.0181847136091313,0.0485259708663593,0.0550762776621544,0.0732076612508582,0.229664981581998,0.195570472328773,0.212679168627121,0.110665022511543,0.225440432833395,0.182282726402482,0.10926189178892,0.134402647984769,0.128890160894939,0.121847118698904,0.320707290668591,0.205073741583841,0.217257133696698,0.171449182430266,0.0829592818210965,0.0241423125794155,0.0914866581956798,0.330792037272342,0.224904701397713,0.181094244374133,0.172609525163829,0.127495941317976,0.091341083342221,0.084640765230675,0.138289510495721,0.149493532042258,0.145403597898635,0.148569550519594,0.167150525854514,0.133955959684487,0.12813791160636
"20","23","Maine",1366949,68251,68783,65650,53407,51797,66291,104310,63554,60214,0.922700115366411,0.0159296359995874,0.0110252833134228,0.00491752069755346,0.000193862389891649,0.0059460886982616,0.0392874935348722,0.0189458421638262,0.0423711075380327,0.234378617345499,0.216156710146168,0.255649798142211,0.0837657864523536,0.128679678530425,0.141354764638347,0.16849598163031,0.0970074978435406,0.119301970672152,0.153672616282927,0.311326388428107,0.0644153525736388,0.237726867003868,0.22954477833978,0.126896756917584,0.0528301886792453,0.350943396226415,0.158490566037736,0.188679245283019,0.047367125984252,0.113312007874016,0.200910433070866,0.242864173228346,0.0409652912259794,0.163209444361686,0.188012066140325,0.178329360941457,0.0524364815815893,0.132172368522666,0.178006023631168,0.203915360259479
"21","24","Maryland",6161707,98461,109387,86721,79161,73253,123123,137725,77943,101100,0.51191122849561,0.29893112411869,0.0648742304689269,0.00297693480069727,0.000506353190763534,0.0576791463794043,0.0631209825459081,0.109207562125236,0.0447298515303335,0.167531268160039,0.176826672102724,0.342365388633167,0.0585522979750544,0.194091945061854,0.206198294611184,0.223265755518951,0.0732933736265935,0.0821592250885585,0.102525166609963,0.460944223187304,0.170092133238838,0.184157444256665,0.170092133238838,0.168674698795181,0.0698717948717949,0.168910256410256,0.211858974358974,0.294551282051282,0.228102261664256,0.151664875268006,0.093336559726732,0.09208445647464,0.0547009382078661,0.0929131752769757,0.126538504061111,0.22267588504961,0.177001211166509,0.135115655255943,0.109140220387722,0.138028399253981
"22","25","Massachusetts",6984205,96505,102701,59292,67044,60146,118767,83090,58832,73075,0.726714779992855,0.0714161454310118,0.0698146746838044,0.00211047642501903,0.000396036485183353,0.0497552692110269,0.0797926177710992,0.125897793664419,0.0434000423601499,0.168867654085045,0.16892479103147,0.355797873126425,0.0842126367071985,0.168020289303006,0.194917649889231,0.194067584229678,0.0956214109926169,0.0855229696472518,0.0713187038556194,0.436386382280558,0.138466757123474,0.170759837177748,0.192672998643148,0.162279511533243,0.0683297180043384,0.167751265365148,0.156905278380333,0.267895878524946,0.179674303095531,0.195694400879422,0.126716182111706,0.117260094215556,0.104098778369532,0.133351157749673,0.116846226726576,0.178523492341482,0.155684775092802,0.163320429070529,0.125710795909455,0.128256013902031
"23","26","Michigan",10057921,68505,73039,60514,42171,53373,103758,67991,56788,64008,0.757322015156015,0.135568672690907,0.0325664717390403,0.00453990441961117,0.000276399068952719,0.0157089124084391,0.0540176245170349,0.0547257231390066,0.0496335540433118,0.204188610209811,0.231771602916339,0.230046664833069,0.0798143654123571,0.209529760424894,0.236534488562483,0.120685216924488,0.0685328391609245,0.076131655833748,0.0870704104093713,0.436295416591615,0.107244535937979,0.226906399194078,0.239323726512198,0.0891550961412115,0.115107913669065,0.17410071942446,0.200719424460432,0.260791366906475,0.162235204020279,0.16443774960601,0.138114798194925,0.122848878790372,0.0592871407404681,0.124848841810769,0.156987327560026,0.140606105226346,0.120719005426696,0.150548574107011,0.134170380450087,0.117935711729257
"24","27","Minnesota",5695292,84313,87692,68240,49738,45289,97976,45000,65095,73669,0.796661347653465,0.0670873416147934,0.0502425512159868,0.00903096803465037,0.000408056338463419,0.0233698289745284,0.0531999061681122,0.0574244481231164,0.0292328847252028,0.170375509756086,0.233418752764634,0.283768978310282,0.101072544637015,0.143950774964536,0.180458645002905,0.12711669222837,0.106997826284484,0.102891530896815,0.125166872855116,0.285647886044187,0.10568884395536,0.18343897033091,0.209802854143174,0.0822802037562702,0.110585197934596,0.253442340791738,0.219879518072289,0.104130808950086,0.169439059940796,0.160731190551323,0.115952155554554,0.104051150280245,0.0432655971008849,0.0963863374577955,0.140793890207235,0.144193353554089,0.132172854832151,0.133545737794642,0.124226033407838,0.114264223403832
"25","28","Mississippi",2958846,52985,65518,48652,36263,44258,73869,NA,47137,48435,0.569486887793417,0.3723870725276,0.00981497516261407,0.00431823758316587,0.00040556352037247,0.0141149623873632,0.0294723010254674,0.0328246214909461,0.0751674753594014,0.202281391837742,0.23255751846858,0.193351548701977,0.113314504154883,0.201960182822126,0.202069091951978,0.109941043857707,0.0955201267173995,0.139285837264557,0.141455184050136,0.318515202644537,0.14682632855913,0.156139938952806,0.223526649448227,0.057212178132582,0.0525,0.224166666666667,0.153333333333333,0.190833333333333,0.182741116751269,0.136169907097021,0.109041279570922,0.0816732113782205,0.0830351818723912,0.130842621898078,0.162332003119123,0.109066097885418,0.164307115719243,0.137959082812516,0.134427478558117,0.0829566632002718
"26","29","Missouri",6154422,65920,69547,58288,44293,51107,89367,67441,56391,57933,0.793602551141277,0.11274689970886,0.0206427183576297,0.00285307052392572,0.00143490322893035,0.014900343200385,0.0538195138389925,0.0455084165499213,0.0555556579271994,0.215788778634628,0.207491556898672,0.226647748386879,0.073365884028062,0.216889660062373,0.214913848264571,0.128299504822076,0.0660322407984635,0.0893076414470577,0.0984147224583609,0.425718648657158,0.112477931545077,0.215217267498149,0.207813656814169,0.137308502762116,0.0792662212659948,0.181519646699128,0.186388857434039,0.107122636168044,0.141827421131261,0.15161990338375,0.139046705124151,0.113267832022944,0.0562814737884478,0.136929848925815,0.15329621891869,0.13887110993032,0.113589785702554,0.14358143088711,0.13719392454959,0.121030570055485
"27","30","Montana",1091840,66341,68005,54890,50676,39077,62390,55000,69964,59100,0.864437097010551,0.00551912368112544,0.00843621776084408,0.0581522933763189,0.00062371776084408,0.0106169402110199,0.0522146101992966,0.0420217247948417,0.0350551531159842,0.197454618272205,0.231721491332628,0.250566046531833,0.0730169266511782,0.116827082641885,0.186193162960504,0.145867905741786,0.0615568342199544,0.128433394853979,0.161763109325806,0.397242427532298,0.0779770998377774,0.185343266186824,0.202006520403824,0.0823870347912368,0.0279001468428781,0.146842878120411,0.381791483113069,0.092511013215859,0.0690131124913734,0.189182194616977,0.209713595583161,0.183747412008282,0.0353972987195229,0.151324329065076,0.191545342922294,0.16091913699351,0.0596325276258146,0.160371395566792,0.18473878075892,0.124278023582747
"28","31","Nebraska",1958939,71722,74157,61091,45287,51824,80914,49063,62185,62606,0.818422115236871,0.0477579955271706,0.0249492199603969,0.00946941175809967,0.000672813191222391,0.0353839501893627,0.0633444941368771,0.117803055633687,0.0383180548876368,0.17246461694108,0.232369596797483,0.239316159349916,0.0776441665330554,0.183571161348939,0.206798140131473,0.124087435198546,0.16339976265499,0.10332692228997,0.093955886565454,0.27843024921226,0.115094339622642,0.147061994609164,0.195741239892183,0.0680323450134771,0.132776934749621,0.147951441578149,0.161608497723824,0.0887708649468892,0.208612854360528,0.145769314001298,0.110524417514247,0.0709225997258891,0.0873895944813358,0.113790213396944,0.126498936238798,0.11473309264393,0.167643834310501,0.134108134108134,0.109945443278777,0.0725444058777392
"29","32","Nevada",3104817,71646,77786,64732,48022,55913,80103,69207,60751,71400,0.558095050368508,0.0934750743763642,0.084727376847009,0.0131231566949034,0.00704840253064834,0.116148552394553,0.127382386788014,0.295833538659444,0.0640807302472381,0.201849856560227,0.260208577761901,0.220007352334366,0.0655668227535378,0.207423257288361,0.247930040003721,0.131802097008163,0.0731117641021352,0.152932947620912,0.22328111517013,0.319600247849374,0.158375260768192,0.214087618112652,0.220591483617622,0.0826849920235612,0.0623286419301773,0.253107292999452,0.207823067080972,0.121138731493328,0.226590316676834,0.189351672120237,0.12829848594088,0.056574787865343,0.100341593784055,0.156220369710164,0.172101572949616,0.106268283864182,0.180176786509441,0.180383643491789,0.141821147098178,0.0704250040010495
"30","33","New Hampshire",1379610,90845,91394,73480,72946,66667,106813,NA,77093,80512,0.899960133660962,0.0151637056849399,0.026349475576431,0.00150042403287886,0.000252245199730359,0.0108791615021637,0.045894854342894,0.0425149136350128,0.0421442113927741,0.202056388803425,0.205675124074375,0.286777320122359,0.0901051625239006,0.191921606118547,0.172418738049713,0.161281070745698,0.062224911971831,0.118012764084507,0.094300176056338,0.431227992957746,0.13768115942029,0.198550724637681,0.202415458937198,0.152657004830918,0.0172413793103448,0.137931034482759,0.344827586206897,0.181034482758621,0.10746885202212,0.179425677926577,0.17509494303418,0.186154973682457,0.0528610009949934,0.136535211712494,0.152249790735505,0.176319155992861,0.11271183550994,0.150765506188836,0.148566167695298,0.150117639035701
"31","34","New Jersey",9249063,97126,105392,70220,65351,79787,146386,100703,65515,82144,0.597747469122007,0.131177071666611,0.0987520573705682,0.00321978561504014,0.000276136079946693,0.0831009584430336,0.085726521702793,0.21228344968566,0.0467788975300094,0.190911123314312,0.164162960486951,0.325387385314629,0.0701297737922053,0.220608028748872,0.198811471525182,0.182181139322407,0.0516792866808852,0.0663120070420993,0.0816706154391896,0.508992033844119,0.190664875755541,0.189791806581598,0.13619879113499,0.1354600402955,0.113547376664056,0.109631949882537,0.258809710258418,0.215740015661707,0.177345740210199,0.201129057020112,0.131733293781209,0.105213854692781,0.0864609214392917,0.164473003821463,0.133313574392413,0.183188084097416,0.146306221328771,0.19227186398448,0.139792087593962,0.134101006252855
"32","35","New Mexico",2112463,58722,63910,52123,48987,42232,76240,78558,46465,55285,0.592016996274018,0.0212519698569868,0.0162843088849367,0.0937957256529463,0.000875281602565347,0.110760756519759,0.165014961208788,0.497819843471815,0.0671334240621007,0.168443660473975,0.230747456849196,0.246665238035077,0.0561767719517085,0.137702142825322,0.247360449057781,0.199870806789326,0.0785174418604651,0.107877906976744,0.144651162790698,0.38906976744186,0.114272736448975,0.208029675986676,0.234490764106188,0.0724538205309377,0.0383991346673878,0.150892374256355,0.314223904813413,0.201730665224446,0.174913880792211,0.218178632179094,0.177559428664233,0.0902264315448461,0.0913370511893697,0.16916531837011,0.192298644818525,0.144078396272964,0.122271606065274,0.188144834760647,0.18390663600938,0.113620241416625
"33","36","New York",19994379,81386,90866,61135,58805,59483,91254,57817,55421,74254,0.587647758402499,0.150598125603201,0.0884047461539066,0.0046705126475796,0.000456128194829157,0.0939512049861614,0.0742715240118235,0.194840459911258,0.0532249806207026,0.176457566573036,0.177783478183013,0.320629410981704,0.102690497476683,0.208579808947912,0.194270164284604,0.176311706357377,0.142968593537671,0.124031029679825,0.0981048858394273,0.351383063343588,0.170982181101688,0.174558810931209,0.174922898997687,0.127184528398869,0.109320175438596,0.216995614035088,0.207236842105263,0.126206140350877,0.207972761187674,0.18537063693508,0.138800934364513,0.112217433521285,0.0982132816345715,0.139583963238032,0.148805431332924,0.199529566407836,0.171889928264755,0.172093741994407,0.147671774673397,0.139017648626157
"34","37","North Carolina",10470214,66186,73675,55935,47088,43180,107025,62628,52553,63128,0.649505158156271,0.209399253921649,0.0311044263278668,0.0104677898656131,0.000663596751699631,0.0403004179284206,0.0585593570484806,0.100380756305459,0.0589198551038768,0.173865054383102,0.222210915794201,0.267887986367977,0.0798520380121827,0.203969066639908,0.223324994127588,0.157146212807104,0.0808210765498818,0.0877851813185126,0.0928209537261645,0.413050019958854,0.156952554744526,0.207189781021898,0.189233576642336,0.0914963503649635,0.0568508923431203,0.182786413356362,0.229562464018423,0.16594703511802,0.216805623361788,0.133114036127161,0.0992003867720178,0.0752736080236234,0.0766315082144214,0.107833751135569,0.139430690768174,0.138848431569865,0.174614275057849,0.125088486481549,0.11045586712946,0.0902438421020582
"35","38","North Dakota",776874,73959,77950,55249,49369,43816,59654,31103,46035,63496,0.844956839847903,0.032480170529584,0.0160566578364059,0.0467051285021767,0.00187803942466861,0.0137795833043711,0.0441435805548905,0.0427212134786336,0.0373218570286019,0.176958525345622,0.243404806337358,0.218225996877023,0.066262434114057,0.129354416835097,0.209447945151191,0.136963500178338,0.0846560846560847,0.0875420875420875,0.094997594997595,0.365720699054032,0.0797045529710065,0.153593870576563,0.208356300297652,0.0744956454635652,0.0836189170664839,0.198080877313228,0.167923235092529,0.0843043180260452,0.134983652498832,0.184212984586642,0.184960298925736,0.114899579635684,0.0356038957251997,0.11042748002566,0.177465445850586,0.109960926109524,0.0816535599144295,0.149627888758324,0.161860857513031,0.0882822621953057
"36","39","Ohio",11774683,66990,71843,54928,40499,40007,94375,28849,52162,55999,0.788276168453962,0.123098855400184,0.0240582273000471,0.00145175882866656,0.000342854240746863,0.0133748823641367,0.0493972534122575,0.0420075003293082,0.0532259061969453,0.235883138674351,0.20032953007972,0.223355694893027,0.0817227224119494,0.210263203284004,0.222040774086723,0.122561661319811,0.0939112814973277,0.090511794068018,0.0826926199704884,0.410169515458313,0.15034515034515,0.223879723879724,0.217210717210717,0.096993096993097,0.0837255387664107,0.188506316571712,0.178350260094129,0.187763190487986,0.151341397593422,0.171432199892053,0.149849191986538,0.108003936882878,0.0525740281309477,0.128031744885556,0.14343138417948,0.125404676800135,0.113461713419257,0.158665655799848,0.136764215314632,0.11650442254233
"37","40","Oklahoma",3970497,61364,65469,53453,42145,55468,68356,38304,52104,54834,0.684213336516814,0.0716416609809805,0.0231003826473109,0.0752117430135321,0.00184183491386595,0.031337890445453,0.112653151482044,0.115523572993507,0.0651769245181688,0.215406967434728,0.219241445491847,0.205745128129432,0.0615954129504699,0.206751203186467,0.221038273458181,0.136497066299178,0.11984300043611,0.133068033144352,0.121216746620148,0.28347143480157,0.077990007634917,0.215281219443589,0.19038402293154,0.107454759768006,0.147408724189799,0.182278134828388,0.136606044031177,0.0786271024203473,0.219952261165181,0.175974667877551,0.103032300063491,0.057117828124121,0.0723916751809233,0.141812116998182,0.155197199126292,0.114465144459175,0.168247995360661,0.150377382348709,0.105152544442167,0.063204457951627
"38","41","Oregon",4229374,76632,77627,66054,56124,60194,100547,86480,65830,69351,0.786900141723101,0.0188190971051508,0.0444160294171194,0.0110843827006077,0.00405237276249393,0.042685749711423,0.0920422265801038,0.137861064072366,0.0479896156810428,0.167455255934701,0.255792277564192,0.266891119394128,0.0589373437362582,0.15374467603935,0.224605178847386,0.210470770042592,0.0853757213125226,0.0962885675957669,0.143219129953368,0.390381789919724,0.11292662116041,0.210558873720137,0.233617747440273,0.105183447098976,0.0708326040025672,0.222533403349087,0.193593558550674,0.116634576112959,0.198621866241262,0.153743893117086,0.134096624458551,0.0860114992189837,0.0783315908045859,0.115569472951416,0.187556032788654,0.162802705500654,0.156080100709011,0.134578246716495,0.141894742619189,0.100582095337406
"39","42","Pennsylvania",12989208,73170,77962,55042,45944,55137,94475,44057,46484,66778,0.770668927620529,0.108383359478114,0.036429626810195,0.00158362234248616,0.000327656620788581,0.0312122186356551,0.0513945884922314,0.0812295869001405,0.0490625779503453,0.249978047784205,0.176692111257726,0.256359124864303,0.0748287770969745,0.235595043095182,0.196918769098759,0.135201099008818,0.107480684373362,0.096210417758542,0.0852803935823091,0.391845170670679,0.155274671852212,0.200631988332523,0.147010209042295,0.116140009722897,0.123825187969925,0.174577067669173,0.176926691729323,0.192199248120301,0.180125893513426,0.196368228660507,0.11951990765178,0.0932633157549418,0.0555847657566566,0.141837246751301,0.132209864060218,0.147237389057409,0.132450896022019,0.174845608222097,0.125479097874341,0.107294229595454
"40","44","Rhode Island",1094250,81370,86467,53015,61614,60840,101293,NA,49558,63797,0.745997715330135,0.0617911811743203,0.0346182316655243,0.00372127027644505,0.000695453506968243,0.0691514736120631,0.0840246744345442,0.1674169522504,0.059280320663279,0.194768396242595,0.19762271103554,0.290493294197778,0.0871995858907047,0.1928714042742,0.186955557198846,0.153930340900688,0.0776114674902986,0.112932604735883,0.114226129194055,0.363691560412872,0.165275049115914,0.161591355599214,0.180992141453831,0.101178781925344,0.0551905387647832,0.211563731931669,0.287779237844941,0.106438896189225,0.207376865030594,0.181329210112464,0.136872431246614,0.083178051778139,0.0902832158705299,0.177945271034543,0.13824719394414,0.127479770294962,0.149064390052185,0.19283172121662,0.128741893927815,0.0899910478394725
"41","45","South Carolina",5142750,63623,73204,54823,42672,46606,85650,66382,49872,61519,0.650014291964416,0.25787934470857,0.0166902921588644,0.00303670215351709,0.000529288804627874,0.0239694715862136,0.0478806086237908,0.0620047639881386,0.0588121970970375,0.189733584495437,0.222488461231263,0.254803594884741,0.0988810964184378,0.236247077195223,0.202449236884986,0.119619155050222,0.0690635412540485,0.118274809516043,0.129447538271547,0.378940746091292,0.182493436639559,0.198437600051226,0.174361272971762,0.0861881283217007,0.1208670095518,0.184790595150625,0.203894195444526,0.0646583394562822,0.198225020078041,0.158109500360999,0.10922454145,0.0950847333879564,0.0727873033406704,0.12485887637164,0.136867583394927,0.132343505064206,0.155603292826343,0.150739317914543,0.113790670325363,0.108268130145041
"42","46","South Dakota",890342,69457,72498,56192,56399,31901,75619,33750,58923,61793,0.821733670881526,0.0219297752998286,0.0143248324801032,0.0796862329307165,0.00055484297045405,0.0118684730137408,0.0499021724236305,0.0440246556941041,0.0378336413239588,0.20581746908248,0.229369184171104,0.222555574994806,0.0879385403329065,0.18786171574904,0.156107554417414,0.0996670934699104,0.139720871883331,0.12153050023522,0.0720558256233339,0.304375098008468,0.107458984044652,0.185699385465411,0.162400631448385,0.0486271635564075,0.323886639676113,0.0728744939271255,0.147773279352227,0.0789473684210526,0.176587489353648,0.153118198164096,0.107315226649002,0.126904514053184,0.0502588341210894,0.122304749043439,0.146162502813414,0.120999324780554,0.117942699696405,0.137153353572978,0.120493915350665,0.0939357603898257
"43","47","Tennessee",6923772,64035,68515,56188,46708,55022,94058,52490,54497,59399,0.748542268578457,0.162745826985637,0.0185780236553139,0.0020390619448474,0.000676509856188217,0.0202112374584258,0.0472070715211304,0.0595949722203446,0.0692628372350048,0.225815476613125,0.198764127673105,0.22090089095798,0.0767375301180762,0.219031518039785,0.2048055803304,0.143978381544442,0.0886340667029464,0.103156339889606,0.109041436678846,0.382259193034284,0.122396940076498,0.206474004816546,0.2070406573169,0.110993058506871,0.0890264730999146,0.172502134927412,0.169726729291204,0.163748932536294,0.184646057539768,0.140676585344938,0.0863096514170561,0.0932127084851863,0.077484847835864,0.136364887976479,0.139972036187743,0.128541751440259,0.165897601194313,0.138979501820068,0.0969289082986365,0.0936644192505489
"44","48","Texas",29243342,73035,80134,59959,55459,67936,107347,67124,56199,64335,0.59136401031045,0.121483344824268,0.0516722404710105,0.00579879002885512,0.000935255621604398,0.0780186136044232,0.150727745139389,0.398903791502353,0.0764757312880129,0.161297276542693,0.199831439168333,0.23403379080878,0.0569355389422726,0.181320668731082,0.224646939589521,0.177055316714984,0.0779309217514223,0.0832225398046019,0.105609340142641,0.422857592869684,0.150056611784687,0.170136104165684,0.19290465631929,0.129145633816106,0.0719926873857404,0.170932358318099,0.244789762340037,0.153126142595978,0.225326042887981,0.17605373598799,0.126916426512968,0.0798518534751975,0.138000214620366,0.143299477310929,0.147078928341073,0.131197701883237,0.17110502276842,0.158601936687332,0.139256580210676,0.100303293191419
"45","49","Utah",3283809,86833,89462,71154,57433,61542,86191,76975,67343,81005,0.823797608204375,0.0114842245696994,0.0236801226867945,0.0100334702779607,0.00936351657480688,0.0532068095312486,0.068434248155115,0.146428431129825,0.0287343532478632,0.132355757110211,0.218269373656751,0.231137212340409,0.0565602460755197,0.145815655494272,0.193970089096309,0.122640008485363,0.0786898316636875,0.135710703308857,0.13511914713031,0.333792003703656,0.124650965157217,0.193152846910283,0.199617579215734,0.102100279227874,0.044783400546377,0.204631195524912,0.19601274879667,0.110836477169247,0.167707373469703,0.177477235134872,0.125863519554032,0.0807458748519067,0.0520324841472911,0.109502725553454,0.151598620536211,0.139748581599733,0.121792352181481,0.156789222261736,0.135422580759208,0.0941658711887248
"46","50","Vermont",643816,74014,74499,71848,52736,48725,71207,39250,62250,77146,0.922827329547573,0.0124259105085925,0.0168122569181257,0.00207512705493495,0.000229879344408962,0.00554195608683226,0.040087540539533,0.0214238229556271,0.0400517730938126,0.203269985912198,0.180684057892956,0.301292139275682,0.0655,0.1285,0.141375,0.220375,0.0996858832224686,0.0783444198078344,0.101256467110126,0.342756836659276,0.0479041916167665,0.211826347305389,0.215568862275449,0.127994011976048,0.0945945945945946,0.168918918918919,0.202702702702703,0.364864864864865,0.0686659192825112,0.154428251121076,0.142937219730942,0.234585201793722,0.0335154403502654,0.123716532992367,0.14777790693169,0.23201208880623,0.0377002827521206,0.102878271587037,0.156746175596317,0.253026897701733
"47","51","Virginia",8624511,87249,93691,83441,60201,83852,125583,89531,72920,91423,0.634657431592353,0.189037384264453,0.0685358277124349,0.00275122844645917,0.000717142108114883,0.0351610659433329,0.0691399199328518,0.100297280622635,0.0490402129490409,0.167552310084204,0.187811152055042,0.312819875731008,0.0781829724201171,0.20554664474915,0.208946517782937,0.178464812878177,0.0637806891698021,0.0857909482175243,0.11137427929513,0.442467111496089,0.13094234659474,0.165332097100472,0.179155428186109,0.167144302090357,0.0664510913500404,0.116248989490703,0.212772837510105,0.236216653193209,0.176258957219692,0.147351828707291,0.115298749863972,0.124057286634328,0.0591248000160993,0.0999802112366635,0.136834267430043,0.196249190840821,0.138106275613718,0.135685508343786,0.129581567949689,0.160557909400415
"48","53","Washington",7688549,90325,91601,70492,65817,64058,125153,82564,66329,81334,0.699075209119432,0.0392111697538768,0.0921691466101081,0.0119265676787649,0.00689375849721449,0.0519696239173347,0.098754524423269,0.134895804136775,0.0399008423267224,0.162243431194852,0.250385590434306,0.281121194654982,0.0598387273324333,0.163259552138306,0.252138637441662,0.176179277357808,0.075020426248894,0.0962524359801142,0.140478969077693,0.420759560119495,0.10553120024428,0.201236668193418,0.220092041265895,0.102903007699186,0.0842216478312548,0.233345282342509,0.227138086523404,0.0852593249438711,0.201360959629202,0.149215033123024,0.124348363619982,0.081705128750585,0.0571397338791143,0.112239374459191,0.165723008274956,0.15879011535944,0.149663550122306,0.13347596738379,0.132986165011334,0.0977551045988393
"49","54","West Virginia",1792967,55217,55826,61786,38004,42222,76737,65069,51141,48402,0.914317999160052,0.0341484254869164,0.00758630805809588,0.000964881116049542,0.000366431730199162,0.00530071105603171,0.0373152433926559,0.0183550505949078,0.0833877250750606,0.287360416557375,0.186455907309152,0.162800074664103,0.0679765462949352,0.280431835628073,0.238685547225897,0.115145279043559,0.0715335980002941,0.0832230554330246,0.12512865755036,0.448757535656521,0.165895953757225,0.261271676300578,0.149132947976879,0.109248554913295,0.168949771689498,0.464231354642314,0.0410958904109589,0.0487062404870624,0.093013468013468,0.139941077441077,0.186658249158249,0.13141835016835,0.0580375158807264,0.162349600179359,0.140139003064046,0.108661535012331,0.080279550288666,0.159009419629292,0.167152841081738,0.139288969917958
"50","55","Wisconsin",5882128,72458,75803,58083,38732,53521,83757,81111,54489,63266,0.825377992454431,0.0617686320324889,0.0287399390152679,0.00743931447938569,0.000384384698870885,0.0218781366199443,0.0544116006996108,0.0732687217959215,0.0384425967650941,0.215283938406325,0.225983263779308,0.238422864444934,0.0827014485414126,0.205988478825093,0.200863675271309,0.0929207802251941,0.08254264959894,0.110090386389987,0.110823888507678,0.300824598348437,0.0736991247514797,0.241687424301287,0.225005141799401,0.0991567448981924,0.0734188412206988,0.178681999115436,0.224237063246351,0.122512162759841,0.173292408112518,0.17420934027508,0.131525371046701,0.0855000388530577,0.0720905091608968,0.122487939610568,0.139853650611143,0.120291448996426,0.136921777546778,0.148611523611524,0.127700846450846,0.0854061479061479
"51","56","Wyoming",577929,72495,73542,62695,56046,57667,64398,54524,68268,66730,0.873460234734717,0.00846297728613723,0.00816190224058665,0.0213849798158597,0.00110048120097797,0.0285571411021077,0.0588722836196142,0.104715285095574,0.0350873022476317,0.193459562042639,0.258580659986767,0.206621262366333,0.0171744019627888,0.133919443876508,0.197914536904518,0.242690656307504,0.0693237227051092,0.106211575153699,0.177867288530846,0.386474454102184,0.0802653936402622,0.212233999514524,0.237883323893519,0.0538878550044502,0.0676100628930818,0.262578616352201,0.264150943396226,0.124213836477987,0.154023267086767,0.203284052350945,0.149297140087252,0.0810712554532235,0.0593404655537268,0.156301434281684,0.185604279332236,0.123030801786974,0.109289798076605,0.177947057073928,0.172246273835884,0.0743415182259824
"52","72","Puerto Rico",3272382,24002,24723,23902,22924,22263,32966,NA,21670,25496,0.435594316311482,0.0875166774539158,0.00192367516995265,0.00154810776981416,8.52589948239539e-05,0.240288267078843,0.233043697221168,0.987454093073486,0.149140856344502,0.199954960990746,0.169543106611264,0.213270933493098,0.17095688366831,0.21907342486417,0.19400254200595,0.167311479531265,0.184432088959492,0.187450357426529,0.127561556791104,0.243208895949166,0.132846427161469,0.233122779313068,0.134030793525464,0.264705882352941,0.0860215053763441,0.121863799283154,0.168458781362007,0.0896057347670251,0.152675454493428,0.210079929799126,0.16259132790294,0.186941620088641,0.143558682835743,0.20578724587206,0.170617145374819,0.231626209009085,0.151276549850882,0.205442531814329,0.170121439272472,0.206284910193243
